-- phpMyAdmin SQL Dump
-- version 4.0.10.18
-- https://www.phpmyadmin.net
--
-- Servidor: localhost:3306
-- Tiempo de generación: 12-02-2018 a las 06:37:35
-- Versión del servidor: 5.6.36-cll-lve
-- Versión de PHP: 5.6.30

SET SQL_MODE = "NO_AUTO_VALUE_ON_ZERO";
SET time_zone = "+00:00";


/*!40101 SET @OLD_CHARACTER_SET_CLIENT=@@CHARACTER_SET_CLIENT */;
/*!40101 SET @OLD_CHARACTER_SET_RESULTS=@@CHARACTER_SET_RESULTS */;
/*!40101 SET @OLD_COLLATION_CONNECTION=@@COLLATION_CONNECTION */;
/*!40101 SET NAMES utf8 */;

--
-- Base de datos: `pisa2018`
--

-- --------------------------------------------------------

--
-- Estructura de tabla para la tabla `param_divipola`
--

CREATE TABLE IF NOT EXISTS `param_divipola` (
  `dpto_divipola` int(1) NOT NULL,
  `mpio_divipola` int(3) NOT NULL,
  `dpto_divipola_nombre` varchar(100) NOT NULL,
  `mpio_divipola_nombre` varchar(100) NOT NULL,
  `fk_id_coordinador_mcpio` int(10) DEFAULT NULL,
  `fk_id_operador_mcpio` int(10) DEFAULT NULL,
  PRIMARY KEY (`mpio_divipola`),
  KEY `dpto_divipola` (`dpto_divipola`),
  KEY `fk_id_coordinador_mcpio` (`fk_id_coordinador_mcpio`),
  KEY `fk_id_operador_mcpio` (`fk_id_operador_mcpio`)
) ENGINE=InnoDB DEFAULT CHARSET=latin1;

--
-- Volcado de datos para la tabla `param_divipola`
--

INSERT INTO `param_divipola` (`dpto_divipola`, `mpio_divipola`, `dpto_divipola_nombre`, `mpio_divipola_nombre`, `fk_id_coordinador_mcpio`, `fk_id_operador_mcpio`) VALUES
(5, 5001, 'Antioquia', 'MEDELLÍN', 0, 0),
(5, 5002, 'Antioquia', 'ABEJORRAL', 0, 0),
(5, 5004, 'Antioquia', 'ABRIAQUÍ', 0, 0),
(5, 5021, 'Antioquia', 'ALEJANDRÍA', 0, 0),
(5, 5030, 'Antioquia', 'AMAGÁ', 0, 0),
(5, 5031, 'Antioquia', 'AMALFI', 0, 0),
(5, 5034, 'Antioquia', 'ANDES', 0, 0),
(5, 5036, 'Antioquia', 'ANGELÓPOLIS', 0, 0),
(5, 5038, 'Antioquia', 'ANGOSTURA', 0, 0),
(5, 5040, 'Antioquia', 'ANORÍ', 0, 0),
(5, 5042, 'Antioquia', 'SANTA FÉ DE ANTIOQUIA', 0, 0),
(5, 5044, 'Antioquia', 'ANZÁ', 0, 0),
(5, 5045, 'Antioquia', 'APARTADÓ', 0, 0),
(5, 5051, 'Antioquia', 'ARBOLETES', 0, 0),
(5, 5055, 'Antioquia', 'ARGELIA', 0, 0),
(5, 5059, 'Antioquia', 'ARMENIA', 0, 0),
(5, 5079, 'Antioquia', 'BARBOSA', 0, 0),
(5, 5086, 'Antioquia', 'BELMIRA', 0, 0),
(5, 5088, 'Antioquia', 'BELLO', 0, 0),
(5, 5091, 'Antioquia', 'BETANIA', 0, 0),
(5, 5093, 'Antioquia', 'BETULIA', 0, 0),
(5, 5101, 'Antioquia', 'CIUDAD BOLÍVAR', 0, 0),
(5, 5107, 'Antioquia', 'BRICEÑO', 0, 0),
(5, 5113, 'Antioquia', 'BURITICÁ', 0, 0),
(5, 5120, 'Antioquia', 'CÁCERES', 0, 0),
(5, 5125, 'Antioquia', 'CAICEDO', 0, 0),
(5, 5129, 'Antioquia', 'CALDAS', 0, 0),
(5, 5134, 'Antioquia', 'CAMPAMENTO', 0, 0),
(5, 5138, 'Antioquia', 'CAÑASGORDAS', 0, 0),
(5, 5142, 'Antioquia', 'CARACOLÍ', 0, 0),
(5, 5145, 'Antioquia', 'CARAMANTA', 0, 0),
(5, 5147, 'Antioquia', 'CAREPA', 0, 0),
(5, 5148, 'Antioquia', 'EL CARMEN DE VIBORAL', 0, 0),
(5, 5150, 'Antioquia', 'CAROLINA', 0, 0),
(5, 5154, 'Antioquia', 'CAUCASIA', 0, 0),
(5, 5172, 'Antioquia', 'CHIGORODÓ', 0, 0),
(5, 5190, 'Antioquia', 'CISNEROS', 0, 0),
(5, 5197, 'Antioquia', 'COCORNÁ', 0, 0),
(5, 5206, 'Antioquia', 'CONCEPCIÓN', 0, 0),
(5, 5209, 'Antioquia', 'CONCORDIA', 0, 0),
(5, 5212, 'Antioquia', 'COPACABANA', 0, 0),
(5, 5234, 'Antioquia', 'DABEIBA', 0, 0),
(5, 5237, 'Antioquia', 'DONMATÍAS', 0, 0),
(5, 5240, 'Antioquia', 'EBÉJICO', 0, 0),
(5, 5250, 'Antioquia', 'EL BAGRE', 0, 0),
(5, 5264, 'Antioquia', 'ENTRERRÍOS', 0, 0),
(5, 5266, 'Antioquia', 'ENVIGADO', 0, 0),
(5, 5282, 'Antioquia', 'FREDONIA', 0, 0),
(5, 5284, 'Antioquia', 'FRONTINO', 0, 0),
(5, 5306, 'Antioquia', 'GIRALDO', 0, 0),
(5, 5308, 'Antioquia', 'GIRARDOTA', 0, 0),
(5, 5310, 'Antioquia', 'GÓMEZ PLATA', 0, 0),
(5, 5313, 'Antioquia', 'GRANADA', 0, 0),
(5, 5315, 'Antioquia', 'GUADALUPE', 0, 0),
(5, 5318, 'Antioquia', 'GUARNE', 0, 0),
(5, 5321, 'Antioquia', 'GUATAPÉ', 0, 0),
(5, 5347, 'Antioquia', 'HELICONIA', 0, 0),
(5, 5353, 'Antioquia', 'HISPANIA', 0, 0),
(5, 5360, 'Antioquia', 'ITAGÜÍ', 0, 0),
(5, 5361, 'Antioquia', 'ITUANGO', 0, 0),
(5, 5364, 'Antioquia', 'JARDÍN', 0, 0),
(5, 5368, 'Antioquia', 'JERICÓ', 0, 0),
(5, 5376, 'Antioquia', 'LA CEJA', 0, 0),
(5, 5380, 'Antioquia', 'LA ESTRELLA', 0, 0),
(5, 5390, 'Antioquia', 'LA PINTADA', 0, 0),
(5, 5400, 'Antioquia', 'LA UNIÓN', 0, 0),
(5, 5411, 'Antioquia', 'LIBORINA', 0, 0),
(5, 5425, 'Antioquia', 'MACEO', 0, 0),
(5, 5440, 'Antioquia', 'MARINILLA', 0, 0),
(5, 5467, 'Antioquia', 'MONTEBELLO', 0, 0),
(5, 5475, 'Antioquia', 'MURINDÓ', 0, 0),
(5, 5480, 'Antioquia', 'MUTATÁ', 0, 0),
(5, 5483, 'Antioquia', 'NARIÑO', 0, 0),
(5, 5490, 'Antioquia', 'NECOCLÍ', 0, 0),
(5, 5495, 'Antioquia', 'NECHÍ', 0, 0),
(5, 5501, 'Antioquia', 'OLAYA', 0, 0),
(5, 5541, 'Antioquia', 'PEÑOL', 0, 0),
(5, 5543, 'Antioquia', 'PEQUE', 0, 0),
(5, 5576, 'Antioquia', 'PUEBLORRICO', 0, 0),
(5, 5579, 'Antioquia', 'PUERTO BERRÍO', 0, 0),
(5, 5585, 'Antioquia', 'PUERTO NARE', 0, 0),
(5, 5591, 'Antioquia', 'PUERTO TRIUNFO', 0, 0),
(5, 5604, 'Antioquia', 'REMEDIOS', 0, 0),
(5, 5607, 'Antioquia', 'RETIRO', 0, 0),
(5, 5615, 'Antioquia', 'RIONEGRO', 0, 0),
(5, 5628, 'Antioquia', 'SABANALARGA', 0, 0),
(5, 5631, 'Antioquia', 'SABANETA', 0, 0),
(5, 5642, 'Antioquia', 'SALGAR', 0, 0),
(5, 5647, 'Antioquia', 'SAN ANDRÉS DE CUERQUÍA', 0, 0),
(5, 5649, 'Antioquia', 'SAN CARLOS', 0, 0),
(5, 5652, 'Antioquia', 'SAN FRANCISCO', 0, 0),
(5, 5656, 'Antioquia', 'SAN JERÓNIMO', 0, 0),
(5, 5658, 'Antioquia', 'SAN JOSÉ DE LA MONTAÑA', 0, 0),
(5, 5659, 'Antioquia', 'SAN JUAN DE URABÁ', 0, 0),
(5, 5660, 'Antioquia', 'SAN LUIS', 0, 0),
(5, 5664, 'Antioquia', 'SAN PEDRO DE LOS MILAGROS', 0, 0),
(5, 5665, 'Antioquia', 'SAN PEDRO DE URABÁ', 0, 0),
(5, 5667, 'Antioquia', 'SAN RAFAEL', 0, 0),
(5, 5670, 'Antioquia', 'SAN ROQUE', 0, 0),
(5, 5674, 'Antioquia', 'SAN VICENTE FERRER', 0, 0),
(5, 5679, 'Antioquia', 'SANTA BÁRBARA', 0, 0),
(5, 5686, 'Antioquia', 'SANTA ROSA DE OSOS', 0, 0),
(5, 5690, 'Antioquia', 'SANTO DOMINGO', 0, 0),
(5, 5697, 'Antioquia', 'EL SANTUARIO', 0, 0),
(5, 5736, 'Antioquia', 'SEGOVIA', 0, 0),
(5, 5756, 'Antioquia', 'SONSÓN', 0, 0),
(5, 5761, 'Antioquia', 'SOPETRÁN', 0, 0),
(5, 5789, 'Antioquia', 'TÁMESIS', 0, 0),
(5, 5790, 'Antioquia', 'TARAZÁ', 0, 0),
(5, 5792, 'Antioquia', 'TARSO', 0, 0),
(5, 5809, 'Antioquia', 'TITIRIBÍ', 0, 0),
(5, 5819, 'Antioquia', 'TOLEDO', 0, 0),
(5, 5837, 'Antioquia', 'TURBO', 0, 0),
(5, 5842, 'Antioquia', 'URAMITA', 0, 0),
(5, 5847, 'Antioquia', 'URRAO', 0, 0),
(5, 5854, 'Antioquia', 'VALDIVIA', 0, 0),
(5, 5856, 'Antioquia', 'VALPARAÍSO', 0, 0),
(5, 5858, 'Antioquia', 'VEGACHÍ', 0, 0),
(5, 5861, 'Antioquia', 'VENECIA', 0, 0),
(5, 5873, 'Antioquia', 'VIGÍA DEL FUERTE', 0, 0),
(5, 5885, 'Antioquia', 'YALÍ', 0, 0),
(5, 5887, 'Antioquia', 'YARUMAL', 0, 0),
(5, 5890, 'Antioquia', 'YOLOMBÓ', 0, 0),
(5, 5893, 'Antioquia', 'YONDÓ', 0, 0),
(5, 5895, 'Antioquia', 'ZARAGOZA', 0, 0),
(8, 8001, 'Atlántico', 'BARRANQUILLA', 0, 0),
(8, 8078, 'Atlántico', 'BARANOA', 0, 0),
(8, 8137, 'Atlántico', 'CAMPO DE LA CRUZ', 0, 0),
(8, 8141, 'Atlántico', 'CANDELARIA', 0, 0),
(8, 8296, 'Atlántico', 'GALAPA', 0, 0),
(8, 8372, 'Atlántico', 'JUAN DE ACOSTA', 0, 0),
(8, 8421, 'Atlántico', 'LURUACO', 0, 0),
(8, 8433, 'Atlántico', 'MALAMBO', 0, 0),
(8, 8436, 'Atlántico', 'MANATÍ', 0, 0),
(8, 8520, 'Atlántico', 'PALMAR DE VARELA', 0, 0),
(8, 8549, 'Atlántico', 'PIOJÓ', 0, 0),
(8, 8558, 'Atlántico', 'POLONUEVO', 0, 0),
(8, 8560, 'Atlántico', 'PONEDERA', 0, 0),
(8, 8573, 'Atlántico', 'PUERTO COLOMBIA', 0, 0),
(8, 8606, 'Atlántico', 'REPELÓN', 0, 0),
(8, 8634, 'Atlántico', 'SABANAGRANDE', 0, 0),
(8, 8638, 'Atlántico', 'SABANALARGA', 0, 0),
(8, 8675, 'Atlántico', 'SANTA LUCÍA', 0, 0),
(8, 8685, 'Atlántico', 'SANTO TOMÁS', 0, 0),
(8, 8758, 'Atlántico', 'SOLEDAD', 0, 0),
(8, 8770, 'Atlántico', 'SUAN', 0, 0),
(8, 8832, 'Atlántico', 'TUBARÁ', 0, 0),
(8, 8849, 'Atlántico', 'USIACURÍ', 0, 0),
(11, 11001, 'Bogotá, D.C.', 'BOGOTÁ, D.C.', 0, 0),
(13, 13001, 'Bolívar', 'CARTAGENA DE INDIAS', 0, 0),
(13, 13006, 'Bolívar', 'ACHÍ', 0, 0),
(13, 13030, 'Bolívar', 'ALTOS DEL ROSARIO', 0, 0),
(13, 13042, 'Bolívar', 'ARENAL', 0, 0),
(13, 13052, 'Bolívar', 'ARJONA', 0, 0),
(13, 13062, 'Bolívar', 'ARROYOHONDO', 0, 0),
(13, 13074, 'Bolívar', 'BARRANCO DE LOBA', 0, 0),
(13, 13140, 'Bolívar', 'CALAMAR', 0, 0),
(13, 13160, 'Bolívar', 'CANTAGALLO', 0, 0),
(13, 13188, 'Bolívar', 'CICUCO', 0, 0),
(13, 13212, 'Bolívar', 'CÓRDOBA', 0, 0),
(13, 13222, 'Bolívar', 'CLEMENCIA', 0, 0),
(13, 13244, 'Bolívar', 'EL CARMEN DE BOLÍVAR', 0, 0),
(13, 13248, 'Bolívar', 'EL GUAMO', 0, 0),
(13, 13268, 'Bolívar', 'EL PEÑÓN', 0, 0),
(13, 13300, 'Bolívar', 'HATILLO DE LOBA', 0, 0),
(13, 13430, 'Bolívar', 'MAGANGUÉ', 0, 0),
(13, 13433, 'Bolívar', 'MAHATES', 0, 0),
(13, 13440, 'Bolívar', 'MARGARITA', 0, 0),
(13, 13442, 'Bolívar', 'MARÍA LA BAJA', 0, 0),
(13, 13458, 'Bolívar', 'MONTECRISTO', 0, 0),
(13, 13468, 'Bolívar', 'MOMPÓS', 0, 0),
(13, 13473, 'Bolívar', 'MORALES', 0, 0),
(13, 13490, 'Bolívar', 'NOROSÍ', 0, 0),
(13, 13549, 'Bolívar', 'PINILLOS', 0, 0),
(13, 13580, 'Bolívar', 'REGIDOR', 0, 0),
(13, 13600, 'Bolívar', 'RÍO VIEJO', 0, 0),
(13, 13620, 'Bolívar', 'SAN CRISTÓBAL', 0, 0),
(13, 13647, 'Bolívar', 'SAN ESTANISLAO', 0, 0),
(13, 13650, 'Bolívar', 'SAN FERNANDO', 0, 0),
(13, 13654, 'Bolívar', 'SAN JACINTO', 0, 0),
(13, 13655, 'Bolívar', 'SAN JACINTO DEL CAUCA', 0, 0),
(13, 13657, 'Bolívar', 'SAN JUAN NEPOMUCENO', 0, 0),
(13, 13667, 'Bolívar', 'SAN MARTÍN DE LOBA', 0, 0),
(13, 13670, 'Bolívar', 'SAN PABLO', 0, 0),
(13, 13673, 'Bolívar', 'SANTA CATALINA', 0, 0),
(13, 13683, 'Bolívar', 'SANTA ROSA', 0, 0),
(13, 13688, 'Bolívar', 'SANTA ROSA DEL SUR', 0, 0),
(13, 13744, 'Bolívar', 'SIMITÍ', 0, 0),
(13, 13760, 'Bolívar', 'SOPLAVIENTO', 0, 0),
(13, 13780, 'Bolívar', 'TALAIGUA NUEVO', 0, 0),
(13, 13810, 'Bolívar', 'TIQUISIO', 0, 0),
(13, 13836, 'Bolívar', 'TURBACO', 0, 0),
(13, 13838, 'Bolívar', 'TURBANÁ', 0, 0),
(13, 13873, 'Bolívar', 'VILLANUEVA', 0, 0),
(13, 13894, 'Bolívar', 'ZAMBRANO', 0, 0),
(15, 15001, 'Boyacá', 'TUNJA', 0, 0),
(15, 15022, 'Boyacá', 'ALMEIDA', 0, 0),
(15, 15047, 'Boyacá', 'AQUITANIA', 0, 0),
(15, 15051, 'Boyacá', 'ARCABUCO', 0, 0),
(15, 15087, 'Boyacá', 'BELÉN', 0, 0),
(15, 15090, 'Boyacá', 'BERBEO', 0, 0),
(15, 15092, 'Boyacá', 'BETÉITIVA', 0, 0),
(15, 15097, 'Boyacá', 'BOAVITA', 0, 0),
(15, 15104, 'Boyacá', 'BOYACÁ', 0, 0),
(15, 15106, 'Boyacá', 'BRICEÑO', 0, 0),
(15, 15109, 'Boyacá', 'BUENAVISTA', 0, 0),
(15, 15114, 'Boyacá', 'BUSBANZÁ', 0, 0),
(15, 15131, 'Boyacá', 'CALDAS', 0, 0),
(15, 15135, 'Boyacá', 'CAMPOHERMOSO', 0, 0),
(15, 15162, 'Boyacá', 'CERINZA', 0, 0),
(15, 15172, 'Boyacá', 'CHINAVITA', 0, 0),
(15, 15176, 'Boyacá', 'CHIQUINQUIRÁ', 0, 0),
(15, 15180, 'Boyacá', 'CHISCAS', 0, 0),
(15, 15183, 'Boyacá', 'CHITA', 0, 0),
(15, 15185, 'Boyacá', 'CHITARAQUE', 0, 0),
(15, 15187, 'Boyacá', 'CHIVATÁ', 0, 0),
(15, 15189, 'Boyacá', 'CIÉNEGA', 0, 0),
(15, 15204, 'Boyacá', 'CÓMBITA', 0, 0),
(15, 15212, 'Boyacá', 'COPER', 0, 0),
(15, 15215, 'Boyacá', 'CORRALES', 0, 0),
(15, 15218, 'Boyacá', 'COVARACHÍA', 0, 0),
(15, 15223, 'Boyacá', 'CUBARÁ', 0, 0),
(15, 15224, 'Boyacá', 'CUCAITA', 0, 0),
(15, 15226, 'Boyacá', 'CUÍTIVA', 0, 0),
(15, 15232, 'Boyacá', 'CHÍQUIZA', 0, 0),
(15, 15236, 'Boyacá', 'CHIVOR', 0, 0),
(15, 15238, 'Boyacá', 'DUITAMA', 0, 0),
(15, 15244, 'Boyacá', 'EL COCUY', 0, 0),
(15, 15248, 'Boyacá', 'EL ESPINO', 0, 0),
(15, 15272, 'Boyacá', 'FIRAVITOBA', 0, 0),
(15, 15276, 'Boyacá', 'FLORESTA', 0, 0),
(15, 15293, 'Boyacá', 'GACHANTIVÁ', 0, 0),
(15, 15296, 'Boyacá', 'GÁMEZA', 0, 0),
(15, 15299, 'Boyacá', 'GARAGOA', 0, 0),
(15, 15317, 'Boyacá', 'GUACAMAYAS', 0, 0),
(15, 15322, 'Boyacá', 'GUATEQUE', 0, 0),
(15, 15325, 'Boyacá', 'GUAYATÁ', 0, 0),
(15, 15332, 'Boyacá', 'GÜICÁN DE LA SIERRA', 0, 0),
(15, 15362, 'Boyacá', 'IZA', 0, 0),
(15, 15367, 'Boyacá', 'JENESANO', 0, 0),
(15, 15368, 'Boyacá', 'JERICÓ', 0, 0),
(15, 15377, 'Boyacá', 'LABRANZAGRANDE', 0, 0),
(15, 15380, 'Boyacá', 'LA CAPILLA', 0, 0),
(15, 15401, 'Boyacá', 'LA VICTORIA', 0, 0),
(15, 15403, 'Boyacá', 'LA UVITA', 0, 0),
(15, 15407, 'Boyacá', 'VILLA DE LEYVA', 0, 0),
(15, 15425, 'Boyacá', 'MACANAL', 0, 0),
(15, 15442, 'Boyacá', 'MARIPÍ', 0, 0),
(15, 15455, 'Boyacá', 'MIRAFLORES', 0, 0),
(15, 15464, 'Boyacá', 'MONGUA', 0, 0),
(15, 15466, 'Boyacá', 'MONGUÍ', 0, 0),
(15, 15469, 'Boyacá', 'MONIQUIRÁ', 0, 0),
(15, 15476, 'Boyacá', 'MOTAVITA', 0, 0),
(15, 15480, 'Boyacá', 'MUZO', 0, 0),
(15, 15491, 'Boyacá', 'NOBSA', 0, 0),
(15, 15494, 'Boyacá', 'NUEVO COLÓN', 0, 0),
(15, 15500, 'Boyacá', 'OICATÁ', 0, 0),
(15, 15507, 'Boyacá', 'OTANCHE', 0, 0),
(15, 15511, 'Boyacá', 'PACHAVITA', 0, 0),
(15, 15514, 'Boyacá', 'PÁEZ', 0, 0),
(15, 15516, 'Boyacá', 'PAIPA', 0, 0),
(15, 15518, 'Boyacá', 'PAJARITO', 0, 0),
(15, 15522, 'Boyacá', 'PANQUEBA', 0, 0),
(15, 15531, 'Boyacá', 'PAUNA', 0, 0),
(15, 15533, 'Boyacá', 'PAYA', 0, 0),
(15, 15537, 'Boyacá', 'PAZ DE RÍO', 0, 0),
(15, 15542, 'Boyacá', 'PESCA', 0, 0),
(15, 15550, 'Boyacá', 'PISBA', 0, 0),
(15, 15572, 'Boyacá', 'PUERTO BOYACÁ', 0, 0),
(15, 15580, 'Boyacá', 'QUÍPAMA', 0, 0),
(15, 15599, 'Boyacá', 'RAMIRIQUÍ', 0, 0),
(15, 15600, 'Boyacá', 'RÁQUIRA', 0, 0),
(15, 15621, 'Boyacá', 'RONDÓN', 0, 0),
(15, 15632, 'Boyacá', 'SABOYÁ', 0, 0),
(15, 15638, 'Boyacá', 'SÁCHICA', 0, 0),
(15, 15646, 'Boyacá', 'SAMACÁ', 0, 0),
(15, 15660, 'Boyacá', 'SAN EDUARDO', 0, 0),
(15, 15664, 'Boyacá', 'SAN JOSÉ DE PARE', 0, 0),
(15, 15667, 'Boyacá', 'SAN LUIS DE GACENO', 0, 0),
(15, 15673, 'Boyacá', 'SAN MATEO', 0, 0),
(15, 15676, 'Boyacá', 'SAN MIGUEL DE SEMA', 0, 0),
(15, 15681, 'Boyacá', 'SAN PABLO DE BORBUR', 0, 0),
(15, 15686, 'Boyacá', 'SANTANA', 0, 0),
(15, 15690, 'Boyacá', 'SANTA MARÍA', 0, 0),
(15, 15693, 'Boyacá', 'SANTA ROSA DE VITERBO', 0, 0),
(15, 15696, 'Boyacá', 'SANTA SOFÍA', 0, 0),
(15, 15720, 'Boyacá', 'SATIVANORTE', 0, 0),
(15, 15723, 'Boyacá', 'SATIVASUR', 0, 0),
(15, 15740, 'Boyacá', 'SIACHOQUE', 0, 0),
(15, 15753, 'Boyacá', 'SOATÁ', 0, 0),
(15, 15755, 'Boyacá', 'SOCOTÁ', 0, 0),
(15, 15757, 'Boyacá', 'SOCHA', 0, 0),
(15, 15759, 'Boyacá', 'SOGAMOSO', 0, 0),
(15, 15761, 'Boyacá', 'SOMONDOCO', 0, 0),
(15, 15762, 'Boyacá', 'SORA', 0, 0),
(15, 15763, 'Boyacá', 'SOTAQUIRÁ', 0, 0),
(15, 15764, 'Boyacá', 'SORACÁ', 0, 0),
(15, 15774, 'Boyacá', 'SUSACÓN', 0, 0),
(15, 15776, 'Boyacá', 'SUTAMARCHÁN', 0, 0),
(15, 15778, 'Boyacá', 'SUTATENZA', 0, 0),
(15, 15790, 'Boyacá', 'TASCO', 0, 0),
(15, 15798, 'Boyacá', 'TENZA', 0, 0),
(15, 15804, 'Boyacá', 'TIBANÁ', 0, 0),
(15, 15806, 'Boyacá', 'TIBASOSA', 0, 0),
(15, 15808, 'Boyacá', 'TINJACÁ', 0, 0),
(15, 15810, 'Boyacá', 'TIPACOQUE', 0, 0),
(15, 15814, 'Boyacá', 'TOCA', 0, 0),
(15, 15816, 'Boyacá', 'TOGÜÍ', 0, 0),
(15, 15820, 'Boyacá', 'TÓPAGA', 0, 0),
(15, 15822, 'Boyacá', 'TOTA', 0, 0),
(15, 15832, 'Boyacá', 'TUNUNGUÁ', 0, 0),
(15, 15835, 'Boyacá', 'TURMEQUÉ', 0, 0),
(15, 15837, 'Boyacá', 'TUTA', 0, 0),
(15, 15839, 'Boyacá', 'TUTAZÁ', 0, 0),
(15, 15842, 'Boyacá', 'ÚMBITA', 0, 0),
(15, 15861, 'Boyacá', 'VENTAQUEMADA', 0, 0),
(15, 15879, 'Boyacá', 'VIRACACHÁ', 0, 0),
(15, 15897, 'Boyacá', 'ZETAQUIRA', 0, 0),
(17, 17001, 'Caldas', 'MANIZALES', 0, 0),
(17, 17013, 'Caldas', 'AGUADAS', 0, 0),
(17, 17042, 'Caldas', 'ANSERMA', 0, 0),
(17, 17050, 'Caldas', 'ARANZAZU', 0, 0),
(17, 17088, 'Caldas', 'BELALCÁZAR', 0, 0),
(17, 17174, 'Caldas', 'CHINCHINÁ', 0, 0),
(17, 17272, 'Caldas', 'FILADELFIA', 0, 0),
(17, 17380, 'Caldas', 'LA DORADA', 0, 0),
(17, 17388, 'Caldas', 'LA MERCED', 0, 0),
(17, 17433, 'Caldas', 'MANZANARES', 0, 0),
(17, 17442, 'Caldas', 'MARMATO', 0, 0),
(17, 17444, 'Caldas', 'MARQUETALIA', 0, 0),
(17, 17446, 'Caldas', 'MARULANDA', 0, 0),
(17, 17486, 'Caldas', 'NEIRA', 0, 0),
(17, 17495, 'Caldas', 'NORCASIA', 0, 0),
(17, 17513, 'Caldas', 'PÁCORA', 0, 0),
(17, 17524, 'Caldas', 'PALESTINA', 0, 0),
(17, 17541, 'Caldas', 'PENSILVANIA', 0, 0),
(17, 17614, 'Caldas', 'RIOSUCIO', 0, 0),
(17, 17616, 'Caldas', 'RISARALDA', 0, 0),
(17, 17653, 'Caldas', 'SALAMINA', 0, 0),
(17, 17662, 'Caldas', 'SAMANÁ', 0, 0),
(17, 17665, 'Caldas', 'SAN JOSÉ', 0, 0),
(17, 17777, 'Caldas', 'SUPÍA', 0, 0),
(17, 17867, 'Caldas', 'VICTORIA', 0, 0),
(17, 17873, 'Caldas', 'VILLAMARÍA', 0, 0),
(17, 17877, 'Caldas', 'VITERBO', 0, 0),
(18, 18001, 'Caquetá', 'FLORENCIA', 0, 0),
(18, 18029, 'Caquetá', 'ALBANIA', 0, 0),
(18, 18094, 'Caquetá', 'BELÉN DE LOS ANDAQUÍES', 0, 0),
(18, 18150, 'Caquetá', 'CARTAGENA DEL CHAIRÁ', 0, 0),
(18, 18205, 'Caquetá', 'CURILLO', 0, 0),
(18, 18247, 'Caquetá', 'EL DONCELLO', 0, 0),
(18, 18256, 'Caquetá', 'EL PAUJÍL', 0, 0),
(18, 18410, 'Caquetá', 'LA MONTAÑITA', 0, 0),
(18, 18460, 'Caquetá', 'MILÁN', 0, 0),
(18, 18479, 'Caquetá', 'MORELIA', 0, 0),
(18, 18592, 'Caquetá', 'PUERTO RICO', 0, 0),
(18, 18610, 'Caquetá', 'SAN JOSÉ DEL FRAGUA', 0, 0),
(18, 18753, 'Caquetá', 'SAN VICENTE DEL CAGUÁN', 0, 0),
(18, 18756, 'Caquetá', 'SOLANO', 0, 0),
(18, 18785, 'Caquetá', 'SOLITA', 0, 0),
(18, 18860, 'Caquetá', 'VALPARAÍSO', 0, 0),
(19, 19001, 'Cauca', 'POPAYÁN', 0, 0),
(19, 19022, 'Cauca', 'ALMAGUER', 0, 0),
(19, 19050, 'Cauca', 'ARGELIA', 0, 0),
(19, 19075, 'Cauca', 'BALBOA', 0, 0),
(19, 19100, 'Cauca', 'BOLÍVAR', 0, 0),
(19, 19110, 'Cauca', 'BUENOS AIRES', 0, 0),
(19, 19130, 'Cauca', 'CAJIBÍO', 0, 0),
(19, 19137, 'Cauca', 'CALDONO', 0, 0),
(19, 19142, 'Cauca', 'CALOTO', 0, 0),
(19, 19212, 'Cauca', 'CORINTO', 0, 0),
(19, 19256, 'Cauca', 'EL TAMBO', 0, 0),
(19, 19290, 'Cauca', 'FLORENCIA', 0, 0),
(19, 19300, 'Cauca', 'GUACHENÉ', 0, 0),
(19, 19318, 'Cauca', 'GUAPÍ', 0, 0),
(19, 19355, 'Cauca', 'INZÁ', 0, 0),
(19, 19364, 'Cauca', 'JAMBALÓ', 0, 0),
(19, 19392, 'Cauca', 'LA SIERRA', 0, 0),
(19, 19397, 'Cauca', 'LA VEGA', 0, 0),
(19, 19418, 'Cauca', 'LÓPEZ DE MICAY', 0, 0),
(19, 19450, 'Cauca', 'MERCADERES', 0, 0),
(19, 19455, 'Cauca', 'MIRANDA', 0, 0),
(19, 19473, 'Cauca', 'MORALES', 0, 0),
(19, 19513, 'Cauca', 'PADILLA', 0, 0),
(19, 19517, 'Cauca', 'PÁEZ', 0, 0),
(19, 19532, 'Cauca', 'PATÍA', 0, 0),
(19, 19533, 'Cauca', 'PIAMONTE', 0, 0),
(19, 19548, 'Cauca', 'PIENDAMÓ - TUNÍA', 0, 0),
(19, 19573, 'Cauca', 'PUERTO TEJADA', 0, 0),
(19, 19585, 'Cauca', 'PURACÉ', 0, 0),
(19, 19622, 'Cauca', 'ROSAS', 0, 0),
(19, 19693, 'Cauca', 'SAN SEBASTIÁN', 0, 0),
(19, 19698, 'Cauca', 'SANTANDER DE QUILICHAO', 0, 0),
(19, 19701, 'Cauca', 'SANTA ROSA', 0, 0),
(19, 19743, 'Cauca', 'SILVIA', 0, 0),
(19, 19760, 'Cauca', 'SOTARA', 0, 0),
(19, 19780, 'Cauca', 'SUÁREZ', 0, 0),
(19, 19785, 'Cauca', 'SUCRE', 0, 0),
(19, 19807, 'Cauca', 'TIMBÍO', 0, 0),
(19, 19809, 'Cauca', 'TIMBIQUÍ', 0, 0),
(19, 19821, 'Cauca', 'TORIBÍO', 0, 0),
(19, 19824, 'Cauca', 'TOTORÓ', 0, 0),
(19, 19845, 'Cauca', 'VILLA RICA', 0, 0),
(20, 20001, 'Cesar', 'VALLEDUPAR', 0, 0),
(20, 20011, 'Cesar', 'AGUACHICA', 0, 0),
(20, 20013, 'Cesar', 'AGUSTÍN CODAZZI', 0, 0),
(20, 20032, 'Cesar', 'ASTREA', 0, 0),
(20, 20045, 'Cesar', 'BECERRIL', 0, 0),
(20, 20060, 'Cesar', 'BOSCONIA', 0, 0),
(20, 20175, 'Cesar', 'CHIMICHAGUA', 0, 0),
(20, 20178, 'Cesar', 'CHIRIGUANÁ', 0, 0),
(20, 20228, 'Cesar', 'CURUMANÍ', 0, 0),
(20, 20238, 'Cesar', 'EL COPEY', 0, 0),
(20, 20250, 'Cesar', 'EL PASO', 0, 0),
(20, 20295, 'Cesar', 'GAMARRA', 0, 0),
(20, 20310, 'Cesar', 'GONZÁLEZ', 0, 0),
(20, 20383, 'Cesar', 'LA GLORIA', 0, 0),
(20, 20400, 'Cesar', 'LA JAGUA DE IBIRICO', 0, 0),
(20, 20443, 'Cesar', 'MANAURE BALCÓN DEL CESAR', 0, 0),
(20, 20517, 'Cesar', 'PAILITAS', 0, 0),
(20, 20550, 'Cesar', 'PELAYA', 0, 0),
(20, 20570, 'Cesar', 'PUEBLO BELLO', 0, 0),
(20, 20614, 'Cesar', 'RÍO DE ORO', 0, 0),
(20, 20621, 'Cesar', 'LA PAZ', 0, 0),
(20, 20710, 'Cesar', 'SAN ALBERTO', 0, 0),
(20, 20750, 'Cesar', 'SAN DIEGO', 0, 0),
(20, 20770, 'Cesar', 'SAN MARTÍN', 0, 0),
(20, 20787, 'Cesar', 'TAMALAMEQUE', 0, 0),
(23, 23001, 'Córdoba', 'MONTERÍA', 0, 0),
(23, 23068, 'Córdoba', 'AYAPEL', 0, 0),
(23, 23079, 'Córdoba', 'BUENAVISTA', 0, 0),
(23, 23090, 'Córdoba', 'CANALETE', 0, 0),
(23, 23162, 'Córdoba', 'CERETÉ', 0, 0),
(23, 23168, 'Córdoba', 'CHIMÁ', 0, 0),
(23, 23182, 'Córdoba', 'CHINÚ', 0, 0),
(23, 23189, 'Córdoba', 'CIÉNAGA DE ORO', 0, 0),
(23, 23300, 'Córdoba', 'COTORRA', 0, 0),
(23, 23350, 'Córdoba', 'LA APARTADA', 0, 0),
(23, 23417, 'Córdoba', 'LORICA', 0, 0),
(23, 23419, 'Córdoba', 'LOS CÓRDOBAS', 0, 0),
(23, 23464, 'Córdoba', 'MOMIL', 0, 0),
(23, 23466, 'Córdoba', 'MONTELÍBANO', 0, 0),
(23, 23500, 'Córdoba', 'MOÑITOS', 0, 0),
(23, 23555, 'Córdoba', 'PLANETA RICA', 0, 0),
(23, 23570, 'Córdoba', 'PUEBLO NUEVO', 0, 0),
(23, 23574, 'Córdoba', 'PUERTO ESCONDIDO', 0, 0),
(23, 23580, 'Córdoba', 'PUERTO LIBERTADOR', 0, 0),
(23, 23586, 'Córdoba', 'PURÍSIMA DE LA CONCEPCIÓN', 0, 0),
(23, 23660, 'Córdoba', 'SAHAGÚN', 0, 0),
(23, 23670, 'Córdoba', 'SAN ANDRÉS DE SOTAVENTO', 0, 0),
(23, 23672, 'Córdoba', 'SAN ANTERO', 0, 0),
(23, 23675, 'Córdoba', 'SAN BERNARDO DEL VIENTO', 0, 0),
(23, 23678, 'Córdoba', 'SAN CARLOS', 0, 0),
(23, 23682, 'Córdoba', 'SAN JOSÉ DE URÉ', 0, 0),
(23, 23686, 'Córdoba', 'SAN PELAYO', 0, 0),
(23, 23807, 'Córdoba', 'TIERRALTA', 0, 0),
(23, 23815, 'Córdoba', 'TUCHÍN', 0, 0),
(23, 23855, 'Córdoba', 'VALENCIA', 0, 0),
(25, 25001, 'Cundinamarca', 'AGUA DE DIOS', 0, 0),
(25, 25019, 'Cundinamarca', 'ALBÁN', 0, 0),
(25, 25035, 'Cundinamarca', 'ANAPOIMA', 0, 0),
(25, 25040, 'Cundinamarca', 'ANOLAIMA', 0, 0),
(25, 25053, 'Cundinamarca', 'ARBELÁEZ', 0, 0),
(25, 25086, 'Cundinamarca', 'BELTRÁN', 0, 0),
(25, 25095, 'Cundinamarca', 'BITUIMA', 0, 0),
(25, 25099, 'Cundinamarca', 'BOJACÁ', 0, 0),
(25, 25120, 'Cundinamarca', 'CABRERA', 0, 0),
(25, 25123, 'Cundinamarca', 'CACHIPAY', 0, 0),
(25, 25126, 'Cundinamarca', 'CAJICÁ', 0, 0),
(25, 25148, 'Cundinamarca', 'CAPARRAPÍ', 0, 0),
(25, 25151, 'Cundinamarca', 'CÁQUEZA', 0, 0),
(25, 25154, 'Cundinamarca', 'CARMEN DE CARUPA', 0, 0),
(25, 25168, 'Cundinamarca', 'CHAGUANÍ', 0, 0),
(25, 25175, 'Cundinamarca', 'CHÍA', 0, 0),
(25, 25178, 'Cundinamarca', 'CHIPAQUE', 0, 0),
(25, 25181, 'Cundinamarca', 'CHOACHÍ', 0, 0),
(25, 25183, 'Cundinamarca', 'CHOCONTÁ', 0, 0),
(25, 25200, 'Cundinamarca', 'COGUA', 0, 0),
(25, 25214, 'Cundinamarca', 'COTA', 0, 0),
(25, 25224, 'Cundinamarca', 'CUCUNUBÁ', 0, 0),
(25, 25245, 'Cundinamarca', 'EL COLEGIO', 0, 0),
(25, 25258, 'Cundinamarca', 'EL PEÑÓN', 0, 0),
(25, 25260, 'Cundinamarca', 'EL ROSAL', 0, 0),
(25, 25269, 'Cundinamarca', 'FACATATIVÁ', 0, 0),
(25, 25279, 'Cundinamarca', 'FÓMEQUE', 0, 0),
(25, 25281, 'Cundinamarca', 'FOSCA', 0, 0),
(25, 25286, 'Cundinamarca', 'FUNZA', 0, 0),
(25, 25288, 'Cundinamarca', 'FÚQUENE', 0, 0),
(25, 25290, 'Cundinamarca', 'FUSAGASUGÁ', 0, 0),
(25, 25293, 'Cundinamarca', 'GACHALÁ', 0, 0),
(25, 25295, 'Cundinamarca', 'GACHANCIPÁ', 0, 0),
(25, 25297, 'Cundinamarca', 'GACHETÁ', 0, 0),
(25, 25299, 'Cundinamarca', 'GAMA', 0, 0),
(25, 25307, 'Cundinamarca', 'GIRARDOT', 0, 0),
(25, 25312, 'Cundinamarca', 'GRANADA', 0, 0),
(25, 25317, 'Cundinamarca', 'GUACHETÁ', 0, 0),
(25, 25320, 'Cundinamarca', 'GUADUAS', 0, 0),
(25, 25322, 'Cundinamarca', 'GUASCA', 0, 0),
(25, 25324, 'Cundinamarca', 'GUATAQUÍ', 0, 0),
(25, 25326, 'Cundinamarca', 'GUATAVITA', 0, 0),
(25, 25328, 'Cundinamarca', 'GUAYABAL DE SÍQUIMA', 0, 0),
(25, 25335, 'Cundinamarca', 'GUAYABETAL', 0, 0),
(25, 25339, 'Cundinamarca', 'GUTIÉRREZ', 0, 0),
(25, 25368, 'Cundinamarca', 'JERUSALÉN', 0, 0),
(25, 25372, 'Cundinamarca', 'JUNÍN', 0, 0),
(25, 25377, 'Cundinamarca', 'LA CALERA', 0, 0),
(25, 25386, 'Cundinamarca', 'LA MESA', 0, 0),
(25, 25394, 'Cundinamarca', 'LA PALMA', 0, 0),
(25, 25398, 'Cundinamarca', 'LA PEÑA', 0, 0),
(25, 25402, 'Cundinamarca', 'LA VEGA', 0, 0),
(25, 25407, 'Cundinamarca', 'LENGUAZAQUE', 0, 0),
(25, 25426, 'Cundinamarca', 'MACHETÁ', 0, 0),
(25, 25430, 'Cundinamarca', 'MADRID', 0, 0),
(25, 25436, 'Cundinamarca', 'MANTA', 0, 0),
(25, 25438, 'Cundinamarca', 'MEDINA', 0, 0),
(25, 25473, 'Cundinamarca', 'MOSQUERA', 0, 0),
(25, 25483, 'Cundinamarca', 'NARIÑO', 0, 0),
(25, 25486, 'Cundinamarca', 'NEMOCÓN', 0, 0),
(25, 25488, 'Cundinamarca', 'NILO', 0, 0),
(25, 25489, 'Cundinamarca', 'NIMAIMA', 0, 0),
(25, 25491, 'Cundinamarca', 'NOCAIMA', 0, 0),
(25, 25506, 'Cundinamarca', 'VENECIA', 0, 0),
(25, 25513, 'Cundinamarca', 'PACHO', 0, 0),
(25, 25518, 'Cundinamarca', 'PAIME', 0, 0),
(25, 25524, 'Cundinamarca', 'PANDI', 0, 0),
(25, 25530, 'Cundinamarca', 'PARATEBUENO', 0, 0),
(25, 25535, 'Cundinamarca', 'PASCA', 0, 0),
(25, 25572, 'Cundinamarca', 'PUERTO SALGAR', 0, 0),
(25, 25580, 'Cundinamarca', 'PULÍ', 0, 0),
(25, 25592, 'Cundinamarca', 'QUEBRADANEGRA', 0, 0),
(25, 25594, 'Cundinamarca', 'QUETAME', 0, 0),
(25, 25596, 'Cundinamarca', 'QUIPILE', 0, 0),
(25, 25599, 'Cundinamarca', 'APULO', 0, 0),
(25, 25612, 'Cundinamarca', 'RICAURTE', 0, 0),
(25, 25645, 'Cundinamarca', 'SAN ANTONIO DEL TEQUENDAMA', 0, 0),
(25, 25649, 'Cundinamarca', 'SAN BERNARDO', 0, 0),
(25, 25653, 'Cundinamarca', 'SAN CAYETANO', 0, 0),
(25, 25658, 'Cundinamarca', 'SAN FRANCISCO', 0, 0),
(25, 25662, 'Cundinamarca', 'SAN JUAN DE RIOSECO', 0, 0),
(25, 25718, 'Cundinamarca', 'SASAIMA', 0, 0),
(25, 25736, 'Cundinamarca', 'SESQUILÉ', 0, 0),
(25, 25740, 'Cundinamarca', 'SIBATÉ', 0, 0),
(25, 25743, 'Cundinamarca', 'SILVANIA', 0, 0),
(25, 25745, 'Cundinamarca', 'SIMIJACA', 0, 0),
(25, 25754, 'Cundinamarca', 'SOACHA', 0, 0),
(25, 25758, 'Cundinamarca', 'SOPÓ', 0, 0),
(25, 25769, 'Cundinamarca', 'SUBACHOQUE', 0, 0),
(25, 25772, 'Cundinamarca', 'SUESCA', 0, 0),
(25, 25777, 'Cundinamarca', 'SUPATÁ', 0, 0),
(25, 25779, 'Cundinamarca', 'SUSA', 0, 0),
(25, 25781, 'Cundinamarca', 'SUTATAUSA', 0, 0),
(25, 25785, 'Cundinamarca', 'TABIO', 0, 0),
(25, 25793, 'Cundinamarca', 'TAUSA', 0, 0),
(25, 25797, 'Cundinamarca', 'TENA', 0, 0),
(25, 25799, 'Cundinamarca', 'TENJO', 0, 0),
(25, 25805, 'Cundinamarca', 'TIBACUY', 0, 0),
(25, 25807, 'Cundinamarca', 'TIBIRITA', 0, 0),
(25, 25815, 'Cundinamarca', 'TOCAIMA', 0, 0),
(25, 25817, 'Cundinamarca', 'TOCANCIPÁ', 0, 0),
(25, 25823, 'Cundinamarca', 'TOPAIPÍ', 0, 0),
(25, 25839, 'Cundinamarca', 'UBALÁ', 0, 0),
(25, 25841, 'Cundinamarca', 'UBAQUE', 0, 0),
(25, 25843, 'Cundinamarca', 'VILLA DE SAN DIEGO DE UBATÉ', 0, 0),
(25, 25845, 'Cundinamarca', 'UNE', 0, 0),
(25, 25851, 'Cundinamarca', 'ÚTICA', 0, 0),
(25, 25862, 'Cundinamarca', 'VERGARA', 0, 0),
(25, 25867, 'Cundinamarca', 'VIANÍ', 0, 0),
(25, 25871, 'Cundinamarca', 'VILLAGÓMEZ', 0, 0),
(25, 25873, 'Cundinamarca', 'VILLAPINZÓN', 0, 0),
(25, 25875, 'Cundinamarca', 'VILLETA', 0, 0),
(25, 25878, 'Cundinamarca', 'VIOTÁ', 0, 0),
(25, 25885, 'Cundinamarca', 'YACOPÍ', 0, 0),
(25, 25898, 'Cundinamarca', 'ZIPACÓN', 0, 0),
(25, 25899, 'Cundinamarca', 'ZIPAQUIRÁ', 0, 0),
(27, 27001, 'Chocó', 'QUIBDÓ', 0, 0),
(27, 27006, 'Chocó', 'ACANDÍ', 0, 0),
(27, 27025, 'Chocó', 'ALTO BAUDÓ', 0, 0),
(27, 27050, 'Chocó', 'ATRATO', 0, 0),
(27, 27073, 'Chocó', 'BAGADÓ', 0, 0),
(27, 27075, 'Chocó', 'BAHÍA SOLANO', 0, 0),
(27, 27077, 'Chocó', 'BAJO BAUDÓ', 0, 0),
(27, 27099, 'Chocó', 'BOJAYÁ', 0, 0),
(27, 27135, 'Chocó', 'EL CANTÓN DEL SAN PABLO', 0, 0),
(27, 27150, 'Chocó', 'CARMEN DEL DARIÉN', 0, 0),
(27, 27160, 'Chocó', 'CÉRTEGUI', 0, 0),
(27, 27205, 'Chocó', 'CONDOTO', 0, 0),
(27, 27245, 'Chocó', 'EL CARMEN DE ATRATO', 0, 0),
(27, 27250, 'Chocó', 'EL LITORAL DEL SAN JUAN', 0, 0),
(27, 27361, 'Chocó', 'ISTMINA', 0, 0),
(27, 27372, 'Chocó', 'JURADÓ', 0, 0),
(27, 27413, 'Chocó', 'LLORÓ', 0, 0),
(27, 27425, 'Chocó', 'MEDIO ATRATO', 0, 0),
(27, 27430, 'Chocó', 'MEDIO BAUDÓ', 0, 0),
(27, 27450, 'Chocó', 'MEDIO SAN JUAN', 0, 0),
(27, 27491, 'Chocó', 'NÓVITA', 0, 0),
(27, 27495, 'Chocó', 'NUQUÍ', 0, 0),
(27, 27580, 'Chocó', 'RÍO IRÓ', 0, 0),
(27, 27600, 'Chocó', 'RÍO QUITO', 0, 0),
(27, 27615, 'Chocó', 'RIOSUCIO', 0, 0),
(27, 27660, 'Chocó', 'SAN JOSÉ DEL PALMAR', 0, 0),
(27, 27745, 'Chocó', 'SIPÍ', 0, 0),
(27, 27787, 'Chocó', 'TADÓ', 0, 0),
(27, 27800, 'Chocó', 'UNGUÍA', 0, 0),
(27, 27810, 'Chocó', 'UNIÓN PANAMERICANA', 0, 0),
(41, 41001, 'Huila', 'NEIVA', 0, 0),
(41, 41006, 'Huila', 'ACEVEDO', 0, 0),
(41, 41013, 'Huila', 'AGRADO', 0, 0),
(41, 41016, 'Huila', 'AIPE', 0, 0),
(41, 41020, 'Huila', 'ALGECIRAS', 0, 0),
(41, 41026, 'Huila', 'ALTAMIRA', 0, 0),
(41, 41078, 'Huila', 'BARAYA', 0, 0),
(41, 41132, 'Huila', 'CAMPOALEGRE', 0, 0),
(41, 41206, 'Huila', 'COLOMBIA', 0, 0),
(41, 41244, 'Huila', 'ELÍAS', 0, 0),
(41, 41298, 'Huila', 'GARZÓN', 0, 0),
(41, 41306, 'Huila', 'GIGANTE', 0, 0),
(41, 41319, 'Huila', 'GUADALUPE', 0, 0),
(41, 41349, 'Huila', 'HOBO', 0, 0),
(41, 41357, 'Huila', 'ÍQUIRA', 0, 0),
(41, 41359, 'Huila', 'ISNOS', 0, 0),
(41, 41378, 'Huila', 'LA ARGENTINA', 0, 0),
(41, 41396, 'Huila', 'LA PLATA', 0, 0),
(41, 41483, 'Huila', 'NÁTAGA', 0, 0),
(41, 41503, 'Huila', 'OPORAPA', 0, 0),
(41, 41518, 'Huila', 'PAICOL', 0, 0),
(41, 41524, 'Huila', 'PALERMO', 0, 0),
(41, 41530, 'Huila', 'PALESTINA', 0, 0),
(41, 41548, 'Huila', 'PITAL', 0, 0),
(41, 41551, 'Huila', 'PITALITO', 0, 0),
(41, 41615, 'Huila', 'RIVERA', 0, 0),
(41, 41660, 'Huila', 'SALADOBLANCO', 0, 0),
(41, 41668, 'Huila', 'SAN AGUSTÍN', 0, 0),
(41, 41676, 'Huila', 'SANTA MARÍA', 0, 0),
(41, 41770, 'Huila', 'SUAZA', 0, 0),
(41, 41791, 'Huila', 'TARQUI', 0, 0),
(41, 41797, 'Huila', 'TESALIA', 0, 0),
(41, 41799, 'Huila', 'TELLO', 0, 0),
(41, 41801, 'Huila', 'TERUEL', 0, 0),
(41, 41807, 'Huila', 'TIMANÁ', 0, 0),
(41, 41872, 'Huila', 'VILLAVIEJA', 0, 0),
(41, 41885, 'Huila', 'YAGUARÁ', 0, 0),
(44, 44001, 'La Guajira', 'RIOHACHA', 0, 0),
(44, 44035, 'La Guajira', 'ALBANIA', 0, 0),
(44, 44078, 'La Guajira', 'BARRANCAS', 0, 0),
(44, 44090, 'La Guajira', 'DIBULLA', 0, 0),
(44, 44098, 'La Guajira', 'DISTRACCIÓN', 0, 0),
(44, 44110, 'La Guajira', 'EL MOLINO', 0, 0),
(44, 44279, 'La Guajira', 'FONSECA', 0, 0),
(44, 44378, 'La Guajira', 'HATONUEVO', 0, 0),
(44, 44420, 'La Guajira', 'LA JAGUA DEL PILAR', 0, 0),
(44, 44430, 'La Guajira', 'MAICAO', 0, 0),
(44, 44560, 'La Guajira', 'MANAURE', 0, 0),
(44, 44650, 'La Guajira', 'SAN JUAN DEL CESAR', 0, 0),
(44, 44847, 'La Guajira', 'URIBIA', 0, 0),
(44, 44855, 'La Guajira', 'URUMITA', 0, 0),
(44, 44874, 'La Guajira', 'VILLANUEVA', 0, 0),
(47, 47001, 'Magdalena', 'SANTA MARTA', 0, 0),
(47, 47030, 'Magdalena', 'ALGARROBO', 0, 0),
(47, 47053, 'Magdalena', 'ARACATACA', 0, 0),
(47, 47058, 'Magdalena', 'ARIGUANÍ', 0, 0),
(47, 47161, 'Magdalena', 'CERRO DE SAN ANTONIO', 0, 0),
(47, 47170, 'Magdalena', 'CHIVOLO', 0, 0),
(47, 47189, 'Magdalena', 'CIÉNAGA', 0, 0),
(47, 47205, 'Magdalena', 'CONCORDIA', 0, 0),
(47, 47245, 'Magdalena', 'EL BANCO', 0, 0),
(47, 47258, 'Magdalena', 'EL PIÑÓN', 0, 0),
(47, 47268, 'Magdalena', 'EL RETÉN', 0, 0),
(47, 47288, 'Magdalena', 'FUNDACIÓN', 0, 0),
(47, 47318, 'Magdalena', 'GUAMAL', 0, 0),
(47, 47460, 'Magdalena', 'NUEVA GRANADA', 0, 0),
(47, 47541, 'Magdalena', 'PEDRAZA', 0, 0),
(47, 47545, 'Magdalena', 'PIJIÑO DEL CARMEN', 0, 0),
(47, 47551, 'Magdalena', 'PIVIJAY', 0, 0),
(47, 47555, 'Magdalena', 'PLATO', 0, 0),
(47, 47570, 'Magdalena', 'PUEBLOVIEJO', 0, 0),
(47, 47605, 'Magdalena', 'REMOLINO', 0, 0),
(47, 47660, 'Magdalena', 'SABANAS DE SAN ÁNGEL', 0, 0),
(47, 47675, 'Magdalena', 'SALAMINA', 0, 0),
(47, 47692, 'Magdalena', 'SAN SEBASTIÁN DE BUENAVISTA', 0, 0),
(47, 47703, 'Magdalena', 'SAN ZENÓN', 0, 0),
(47, 47707, 'Magdalena', 'SANTA ANA', 0, 0),
(47, 47720, 'Magdalena', 'SANTA BÁRBARA DE PINTO', 0, 0),
(47, 47745, 'Magdalena', 'SITIONUEVO', 0, 0),
(47, 47798, 'Magdalena', 'TENERIFE', 0, 0),
(47, 47960, 'Magdalena', 'ZAPAYÁN', 0, 0),
(47, 47980, 'Magdalena', 'ZONA BANANERA', 0, 0),
(50, 50001, 'Meta', 'VILLAVICENCIO', 0, 0),
(50, 50006, 'Meta', 'ACACÍAS', 0, 0),
(50, 50110, 'Meta', 'BARRANCA DE UPÍA', 0, 0),
(50, 50124, 'Meta', 'CABUYARO', 0, 0),
(50, 50150, 'Meta', 'CASTILLA LA NUEVA', 0, 0),
(50, 50223, 'Meta', 'CUBARRAL', 0, 0),
(50, 50226, 'Meta', 'CUMARAL', 0, 0),
(50, 50245, 'Meta', 'EL CALVARIO', 0, 0),
(50, 50251, 'Meta', 'EL CASTILLO', 0, 0),
(50, 50270, 'Meta', 'EL DORADO', 0, 0),
(50, 50287, 'Meta', 'FUENTE DE ORO', 0, 0),
(50, 50313, 'Meta', 'GRANADA', 0, 0),
(50, 50318, 'Meta', 'GUAMAL', 0, 0),
(50, 50325, 'Meta', 'MAPIRIPÁN', 0, 0),
(50, 50330, 'Meta', 'MESETAS', 0, 0),
(50, 50350, 'Meta', 'LA MACARENA', 0, 0),
(50, 50370, 'Meta', 'URIBE', 0, 0),
(50, 50400, 'Meta', 'LEJANÍAS', 0, 0),
(50, 50450, 'Meta', 'PUERTO CONCORDIA', 0, 0),
(50, 50568, 'Meta', 'PUERTO GAITÁN', 0, 0),
(50, 50573, 'Meta', 'PUERTO LÓPEZ', 0, 0),
(50, 50577, 'Meta', 'PUERTO LLERAS', 0, 0),
(50, 50590, 'Meta', 'PUERTO RICO', 0, 0),
(50, 50606, 'Meta', 'RESTREPO', 0, 0),
(50, 50680, 'Meta', 'SAN CARLOS DE GUAROA', 0, 0),
(50, 50683, 'Meta', 'SAN JUAN DE ARAMA', 0, 0),
(50, 50686, 'Meta', 'SAN JUANITO', 0, 0),
(50, 50689, 'Meta', 'SAN MARTÍN', 0, 0),
(50, 50711, 'Meta', 'VISTAHERMOSA', 0, 0),
(52, 52001, 'Nariño', 'PASTO', 0, 0),
(52, 52019, 'Nariño', 'ALBÁN', 0, 0),
(52, 52022, 'Nariño', 'ALDANA', 0, 0),
(52, 52036, 'Nariño', 'ANCUYÁ', 0, 0),
(52, 52051, 'Nariño', 'ARBOLEDA', 0, 0),
(52, 52079, 'Nariño', 'BARBACOAS', 0, 0),
(52, 52083, 'Nariño', 'BELÉN', 0, 0),
(52, 52110, 'Nariño', 'BUESACO', 0, 0),
(52, 52203, 'Nariño', 'COLÓN', 0, 0),
(52, 52207, 'Nariño', 'CONSACÁ', 0, 0),
(52, 52210, 'Nariño', 'CONTADERO', 0, 0),
(52, 52215, 'Nariño', 'CÓRDOBA', 0, 0),
(52, 52224, 'Nariño', 'CUASPÚD', 0, 0),
(52, 52227, 'Nariño', 'CUMBAL', 0, 0),
(52, 52233, 'Nariño', 'CUMBITARA', 0, 0),
(52, 52240, 'Nariño', 'CHACHAGÜÍ', 0, 0),
(52, 52250, 'Nariño', 'EL CHARCO', 0, 0),
(52, 52254, 'Nariño', 'EL PEÑOL', 0, 0),
(52, 52256, 'Nariño', 'EL ROSARIO', 0, 0),
(52, 52258, 'Nariño', 'EL TABLÓN DE GÓMEZ', 0, 0),
(52, 52260, 'Nariño', 'EL TAMBO', 0, 0),
(52, 52287, 'Nariño', 'FUNES', 0, 0),
(52, 52317, 'Nariño', 'GUACHUCAL', 0, 0),
(52, 52320, 'Nariño', 'GUAITARILLA', 0, 0),
(52, 52323, 'Nariño', 'GUALMATÁN', 0, 0),
(52, 52352, 'Nariño', 'ILES', 0, 0),
(52, 52354, 'Nariño', 'IMUÉS', 0, 0),
(52, 52356, 'Nariño', 'IPIALES', 0, 0),
(52, 52378, 'Nariño', 'LA CRUZ', 0, 0),
(52, 52381, 'Nariño', 'LA FLORIDA', 0, 0),
(52, 52385, 'Nariño', 'LA LLANADA', 0, 0),
(52, 52390, 'Nariño', 'LA TOLA', 0, 0),
(52, 52399, 'Nariño', 'LA UNIÓN', 0, 0),
(52, 52405, 'Nariño', 'LEIVA', 0, 0),
(52, 52411, 'Nariño', 'LINARES', 0, 0),
(52, 52418, 'Nariño', 'LOS ANDES', 0, 0),
(52, 52427, 'Nariño', 'MAGÜÍ', 0, 0),
(52, 52435, 'Nariño', 'MALLAMA', 0, 0),
(52, 52473, 'Nariño', 'MOSQUERA', 0, 0),
(52, 52480, 'Nariño', 'NARIÑO', 0, 0),
(52, 52490, 'Nariño', 'OLAYA HERRERA', 0, 0),
(52, 52506, 'Nariño', 'OSPINA', 0, 0),
(52, 52520, 'Nariño', 'FRANCISCO PIZARRO', 0, 0),
(52, 52540, 'Nariño', 'POLICARPA', 0, 0),
(52, 52560, 'Nariño', 'POTOSÍ', 0, 0),
(52, 52565, 'Nariño', 'PROVIDENCIA', 0, 0),
(52, 52573, 'Nariño', 'PUERRES', 0, 0),
(52, 52585, 'Nariño', 'PUPIALES', 0, 0),
(52, 52612, 'Nariño', 'RICAURTE', 0, 0),
(52, 52621, 'Nariño', 'ROBERTO PAYÁN', 0, 0),
(52, 52678, 'Nariño', 'SAMANIEGO', 0, 0),
(52, 52683, 'Nariño', 'SANDONÁ', 0, 0),
(52, 52685, 'Nariño', 'SAN BERNARDO', 0, 0),
(52, 52687, 'Nariño', 'SAN LORENZO', 0, 0),
(52, 52693, 'Nariño', 'SAN PABLO', 0, 0),
(52, 52694, 'Nariño', 'SAN PEDRO DE CARTAGO', 0, 0),
(52, 52696, 'Nariño', 'SANTA BÁRBARA', 0, 0),
(52, 52699, 'Nariño', 'SANTACRUZ', 0, 0),
(52, 52720, 'Nariño', 'SAPUYES', 0, 0),
(52, 52786, 'Nariño', 'TAMINANGO', 0, 0),
(52, 52788, 'Nariño', 'TANGUA', 0, 0),
(52, 52835, 'Nariño', 'SAN ANDRÉS DE TUMACO', 0, 0),
(52, 52838, 'Nariño', 'TÚQUERRES', 0, 0),
(52, 52885, 'Nariño', 'YACUANQUER', 0, 0),
(54, 54001, 'Norte de Santander', 'CÚCUTA', 0, 0),
(54, 54003, 'Norte de Santander', 'ÁBREGO', 0, 0),
(54, 54051, 'Norte de Santander', 'ARBOLEDAS', 0, 0),
(54, 54099, 'Norte de Santander', 'BOCHALEMA', 0, 0),
(54, 54109, 'Norte de Santander', 'BUCARASICA', 0, 0),
(54, 54125, 'Norte de Santander', 'CÁCOTA', 0, 0),
(54, 54128, 'Norte de Santander', 'CÁCHIRA', 0, 0),
(54, 54172, 'Norte de Santander', 'CHINÁCOTA', 0, 0),
(54, 54174, 'Norte de Santander', 'CHITAGÁ', 0, 0),
(54, 54206, 'Norte de Santander', 'CONVENCIÓN', 0, 0),
(54, 54223, 'Norte de Santander', 'CUCUTILLA', 0, 0),
(54, 54239, 'Norte de Santander', 'DURANIA', 0, 0),
(54, 54245, 'Norte de Santander', 'EL CARMEN', 0, 0),
(54, 54250, 'Norte de Santander', 'EL TARRA', 0, 0),
(54, 54261, 'Norte de Santander', 'EL ZULIA', 0, 0),
(54, 54313, 'Norte de Santander', 'GRAMALOTE', 0, 0),
(54, 54344, 'Norte de Santander', 'HACARÍ', 0, 0),
(54, 54347, 'Norte de Santander', 'HERRÁN', 0, 0),
(54, 54377, 'Norte de Santander', 'LABATECA', 0, 0),
(54, 54385, 'Norte de Santander', 'LA ESPERANZA', 0, 0),
(54, 54398, 'Norte de Santander', 'LA PLAYA', 0, 0),
(54, 54405, 'Norte de Santander', 'LOS PATIOS', 0, 0),
(54, 54418, 'Norte de Santander', 'LOURDES', 0, 0),
(54, 54480, 'Norte de Santander', 'MUTISCUA', 0, 0),
(54, 54498, 'Norte de Santander', 'OCAÑA', 0, 0),
(54, 54518, 'Norte de Santander', 'PAMPLONA', 0, 0),
(54, 54520, 'Norte de Santander', 'PAMPLONITA', 0, 0),
(54, 54553, 'Norte de Santander', 'PUERTO SANTANDER', 0, 0),
(54, 54599, 'Norte de Santander', 'RAGONVALIA', 0, 0),
(54, 54660, 'Norte de Santander', 'SALAZAR', 0, 0),
(54, 54670, 'Norte de Santander', 'SAN CALIXTO', 0, 0),
(54, 54673, 'Norte de Santander', 'SAN CAYETANO', 0, 0),
(54, 54680, 'Norte de Santander', 'SANTIAGO', 0, 0),
(54, 54720, 'Norte de Santander', 'SARDINATA', 0, 0),
(54, 54743, 'Norte de Santander', 'SILOS', 0, 0),
(54, 54800, 'Norte de Santander', 'TEORAMA', 0, 0),
(54, 54810, 'Norte de Santander', 'TIBÚ', 0, 0),
(54, 54820, 'Norte de Santander', 'TOLEDO', 0, 0),
(54, 54871, 'Norte de Santander', 'VILLA CARO', 0, 0),
(54, 54874, 'Norte de Santander', 'VILLA DEL ROSARIO', 0, 0),
(63, 63001, 'Quindio', 'ARMENIA', 0, 0),
(63, 63111, 'Quindio', 'BUENAVISTA', 0, 0),
(63, 63130, 'Quindio', 'CALARCÁ', 0, 0),
(63, 63190, 'Quindio', 'CIRCASIA', 0, 0),
(63, 63212, 'Quindio', 'CÓRDOBA', 0, 0),
(63, 63272, 'Quindio', 'FILANDIA', 0, 0),
(63, 63302, 'Quindio', 'GÉNOVA', 0, 0),
(63, 63401, 'Quindio', 'LA TEBAIDA', 0, 0),
(63, 63470, 'Quindio', 'MONTENEGRO', 0, 0),
(63, 63548, 'Quindio', 'PIJAO', 0, 0),
(63, 63594, 'Quindio', 'QUIMBAYA', 0, 0),
(63, 63690, 'Quindio', 'SALENTO', 0, 0),
(66, 66001, 'Risaralda', 'PEREIRA', 0, 0),
(66, 66045, 'Risaralda', 'APÍA', 0, 0),
(66, 66075, 'Risaralda', 'BALBOA', 0, 0),
(66, 66088, 'Risaralda', 'BELÉN DE UMBRÍA', 0, 0),
(66, 66170, 'Risaralda', 'DOSQUEBRADAS', 0, 0),
(66, 66318, 'Risaralda', 'GUÁTICA', 0, 0),
(66, 66383, 'Risaralda', 'LA CELIA', 0, 0),
(66, 66400, 'Risaralda', 'LA VIRGINIA', 0, 0),
(66, 66440, 'Risaralda', 'MARSELLA', 0, 0),
(66, 66456, 'Risaralda', 'MISTRATÓ', 0, 0),
(66, 66572, 'Risaralda', 'PUEBLO RICO', 0, 0),
(66, 66594, 'Risaralda', 'QUINCHÍA', 0, 0),
(66, 66682, 'Risaralda', 'SANTA ROSA DE CABAL', 0, 0),
(66, 66687, 'Risaralda', 'SANTUARIO', 0, 0),
(68, 68001, 'Santander', 'BUCARAMANGA', 0, 0),
(68, 68013, 'Santander', 'AGUADA', 0, 0),
(68, 68020, 'Santander', 'ALBANIA', 0, 0),
(68, 68051, 'Santander', 'ARATOCA', 0, 0),
(68, 68077, 'Santander', 'BARBOSA', 0, 0),
(68, 68079, 'Santander', 'BARICHARA', 0, 0),
(68, 68081, 'Santander', 'BARRANCABERMEJA', 0, 0),
(68, 68092, 'Santander', 'BETULIA', 0, 0),
(68, 68101, 'Santander', 'BOLÍVAR', 0, 0),
(68, 68121, 'Santander', 'CABRERA', 0, 0),
(68, 68132, 'Santander', 'CALIFORNIA', 0, 0),
(68, 68147, 'Santander', 'CAPITANEJO', 0, 0),
(68, 68152, 'Santander', 'CARCASÍ', 0, 0),
(68, 68160, 'Santander', 'CEPITÁ', 0, 0),
(68, 68162, 'Santander', 'CERRITO', 0, 0),
(68, 68167, 'Santander', 'CHARALÁ', 0, 0),
(68, 68169, 'Santander', 'CHARTA', 0, 0),
(68, 68176, 'Santander', 'CHIMA', 0, 0),
(68, 68179, 'Santander', 'CHIPATÁ', 0, 0),
(68, 68190, 'Santander', 'CIMITARRA', 0, 0),
(68, 68207, 'Santander', 'CONCEPCIÓN', 0, 0),
(68, 68209, 'Santander', 'CONFINES', 0, 0),
(68, 68211, 'Santander', 'CONTRATACIÓN', 0, 0),
(68, 68217, 'Santander', 'COROMORO', 0, 0),
(68, 68229, 'Santander', 'CURITÍ', 0, 0),
(68, 68235, 'Santander', 'EL CARMEN DE CHUCURÍ', 0, 0),
(68, 68245, 'Santander', 'EL GUACAMAYO', 0, 0),
(68, 68250, 'Santander', 'EL PEÑÓN', 0, 0),
(68, 68255, 'Santander', 'EL PLAYÓN', 0, 0),
(68, 68264, 'Santander', 'ENCINO', 0, 0),
(68, 68266, 'Santander', 'ENCISO', 0, 0),
(68, 68271, 'Santander', 'FLORIÁN', 0, 0),
(68, 68276, 'Santander', 'FLORIDABLANCA', 0, 0),
(68, 68296, 'Santander', 'GALÁN', 0, 0),
(68, 68298, 'Santander', 'GÁMBITA', 0, 0),
(68, 68307, 'Santander', 'GIRÓN', 0, 0),
(68, 68318, 'Santander', 'GUACA', 0, 0),
(68, 68320, 'Santander', 'GUADALUPE', 0, 0),
(68, 68322, 'Santander', 'GUAPOTÁ', 0, 0),
(68, 68324, 'Santander', 'GUAVATÁ', 0, 0),
(68, 68327, 'Santander', 'GÜEPSA', 0, 0),
(68, 68344, 'Santander', 'HATO', 0, 0),
(68, 68368, 'Santander', 'JESÚS MARÍA', 0, 0),
(68, 68370, 'Santander', 'JORDÁN', 0, 0),
(68, 68377, 'Santander', 'LA BELLEZA', 0, 0),
(68, 68385, 'Santander', 'LANDÁZURI', 0, 0),
(68, 68397, 'Santander', 'LA PAZ', 0, 0),
(68, 68406, 'Santander', 'LEBRIJA', 0, 0),
(68, 68418, 'Santander', 'LOS SANTOS', 0, 0),
(68, 68425, 'Santander', 'MACARAVITA', 0, 0),
(68, 68432, 'Santander', 'MÁLAGA', 0, 0),
(68, 68444, 'Santander', 'MATANZA', 0, 0),
(68, 68464, 'Santander', 'MOGOTES', 0, 0),
(68, 68468, 'Santander', 'MOLAGAVITA', 0, 0),
(68, 68498, 'Santander', 'OCAMONTE', 0, 0),
(68, 68500, 'Santander', 'OIBA', 0, 0),
(68, 68502, 'Santander', 'ONZAGA', 0, 0),
(68, 68522, 'Santander', 'PALMAR', 0, 0),
(68, 68524, 'Santander', 'PALMAS DEL SOCORRO', 0, 0),
(68, 68533, 'Santander', 'PÁRAMO', 0, 0),
(68, 68547, 'Santander', 'PIEDECUESTA', 0, 0),
(68, 68549, 'Santander', 'PINCHOTE', 0, 0),
(68, 68572, 'Santander', 'PUENTE NACIONAL', 0, 0),
(68, 68573, 'Santander', 'PUERTO PARRA', 0, 0),
(68, 68575, 'Santander', 'PUERTO WILCHES', 0, 0),
(68, 68615, 'Santander', 'RIONEGRO', 0, 0),
(68, 68655, 'Santander', 'SABANA DE TORRES', 0, 0),
(68, 68669, 'Santander', 'SAN ANDRÉS', 0, 0),
(68, 68673, 'Santander', 'SAN BENITO', 0, 0),
(68, 68679, 'Santander', 'SAN GIL', 0, 0),
(68, 68682, 'Santander', 'SAN JOAQUÍN', 0, 0),
(68, 68684, 'Santander', 'SAN JOSÉ DE MIRANDA', 0, 0),
(68, 68686, 'Santander', 'SAN MIGUEL', 0, 0),
(68, 68689, 'Santander', 'SAN VICENTE DE CHUCURÍ', 0, 0),
(68, 68705, 'Santander', 'SANTA BÁRBARA', 0, 0),
(68, 68720, 'Santander', 'SANTA HELENA DEL OPÓN', 0, 0),
(68, 68745, 'Santander', 'SIMACOTA', 0, 0),
(68, 68755, 'Santander', 'SOCORRO', 0, 0),
(68, 68770, 'Santander', 'SUAITA', 0, 0),
(68, 68773, 'Santander', 'SUCRE', 0, 0),
(68, 68780, 'Santander', 'SURATÁ', 0, 0),
(68, 68820, 'Santander', 'TONA', 0, 0),
(68, 68855, 'Santander', 'VALLE DE SAN JOSÉ', 0, 0),
(68, 68861, 'Santander', 'VÉLEZ', 0, 0),
(68, 68867, 'Santander', 'VETAS', 0, 0),
(68, 68872, 'Santander', 'VILLANUEVA', 0, 0),
(68, 68895, 'Santander', 'ZAPATOCA', 0, 0),
(70, 70001, 'Sucre', 'SINCELEJO', 0, 0),
(70, 70110, 'Sucre', 'BUENAVISTA', 0, 0),
(70, 70124, 'Sucre', 'CAIMITO', 0, 0),
(70, 70204, 'Sucre', 'COLOSÓ', 0, 0),
(70, 70215, 'Sucre', 'COROZAL', 0, 0),
(70, 70221, 'Sucre', 'COVEÑAS', 0, 0),
(70, 70230, 'Sucre', 'CHALÁN', 0, 0),
(70, 70233, 'Sucre', 'EL ROBLE', 0, 0),
(70, 70235, 'Sucre', 'GALERAS', 0, 0),
(70, 70265, 'Sucre', 'GUARANDA', 0, 0),
(70, 70400, 'Sucre', 'LA UNIÓN', 0, 0),
(70, 70418, 'Sucre', 'LOS PALMITOS', 0, 0),
(70, 70429, 'Sucre', 'MAJAGUAL', 0, 0),
(70, 70473, 'Sucre', 'MORROA', 0, 0),
(70, 70508, 'Sucre', 'OVEJAS', 0, 0),
(70, 70523, 'Sucre', 'PALMITO', 0, 0),
(70, 70670, 'Sucre', 'SAMPUÉS', 0, 0),
(70, 70678, 'Sucre', 'SAN BENITO ABAD', 0, 0),
(70, 70702, 'Sucre', 'SAN JUAN DE BETULIA', 0, 0),
(70, 70708, 'Sucre', 'SAN MARCOS', 0, 0),
(70, 70713, 'Sucre', 'SAN ONOFRE', 0, 0),
(70, 70717, 'Sucre', 'SAN PEDRO', 0, 0),
(70, 70742, 'Sucre', 'SAN LUIS DE SINCÉ', 0, 0),
(70, 70771, 'Sucre', 'SUCRE', 0, 0),
(70, 70820, 'Sucre', 'SANTIAGO DE TOLÚ', 0, 0),
(70, 70823, 'Sucre', 'TOLÚ VIEJO', 0, 0),
(73, 73001, 'Tolima', 'IBAGUÉ', 0, 0),
(73, 73024, 'Tolima', 'ALPUJARRA', 0, 0),
(73, 73026, 'Tolima', 'ALVARADO', 0, 0),
(73, 73030, 'Tolima', 'AMBALEMA', 0, 0),
(73, 73043, 'Tolima', 'ANZOÁTEGUI', 0, 0),
(73, 73055, 'Tolima', 'ARMERO', 0, 0),
(73, 73067, 'Tolima', 'ATACO', 0, 0),
(73, 73124, 'Tolima', 'CAJAMARCA', 0, 0),
(73, 73148, 'Tolima', 'CARMEN DE APICALÁ', 0, 0),
(73, 73152, 'Tolima', 'CASABIANCA', 0, 0),
(73, 73168, 'Tolima', 'CHAPARRAL', 0, 0),
(73, 73200, 'Tolima', 'COELLO', 0, 0),
(73, 73217, 'Tolima', 'COYAIMA', 0, 0),
(73, 73226, 'Tolima', 'CUNDAY', 0, 0),
(73, 73236, 'Tolima', 'DOLORES', 0, 0),
(73, 73268, 'Tolima', 'ESPINAL', 0, 0),
(73, 73270, 'Tolima', 'FALAN', 0, 0),
(73, 73275, 'Tolima', 'FLANDES', 0, 0),
(73, 73283, 'Tolima', 'FRESNO', 0, 0),
(73, 73319, 'Tolima', 'GUAMO', 0, 0),
(73, 73347, 'Tolima', 'HERVEO', 0, 0),
(73, 73349, 'Tolima', 'HONDA', 0, 0),
(73, 73352, 'Tolima', 'ICONONZO', 0, 0),
(73, 73408, 'Tolima', 'LÉRIDA', 0, 0),
(73, 73411, 'Tolima', 'LÍBANO', 0, 0),
(73, 73443, 'Tolima', 'SAN SEBASTIÁN DE MARIQUITA', 0, 0),
(73, 73449, 'Tolima', 'MELGAR', 0, 0),
(73, 73461, 'Tolima', 'MURILLO', 0, 0),
(73, 73483, 'Tolima', 'NATAGAIMA', 0, 0),
(73, 73504, 'Tolima', 'ORTEGA', 0, 0),
(73, 73520, 'Tolima', 'PALOCABILDO', 0, 0),
(73, 73547, 'Tolima', 'PIEDRAS', 0, 0),
(73, 73555, 'Tolima', 'PLANADAS', 0, 0),
(73, 73563, 'Tolima', 'PRADO', 0, 0),
(73, 73585, 'Tolima', 'PURIFICACIÓN', 0, 0),
(73, 73616, 'Tolima', 'RIOBLANCO', 0, 0),
(73, 73622, 'Tolima', 'RONCESVALLES', 0, 0),
(73, 73624, 'Tolima', 'ROVIRA', 0, 0),
(73, 73671, 'Tolima', 'SALDAÑA', 0, 0),
(73, 73675, 'Tolima', 'SAN ANTONIO', 0, 0),
(73, 73678, 'Tolima', 'SAN LUIS', 0, 0),
(73, 73686, 'Tolima', 'SANTA ISABEL', 0, 0),
(73, 73770, 'Tolima', 'SUÁREZ', 0, 0),
(73, 73854, 'Tolima', 'VALLE DE SAN JUAN', 0, 0),
(73, 73861, 'Tolima', 'VENADILLO', 0, 0),
(73, 73870, 'Tolima', 'VILLAHERMOSA', 0, 0),
(73, 73873, 'Tolima', 'VILLARRICA', 0, 0),
(76, 76001, 'Valle del Cauca', 'CALI', 0, 0),
(76, 76020, 'Valle del Cauca', 'ALCALÁ', 0, 0),
(76, 76036, 'Valle del Cauca', 'ANDALUCÍA', 0, 0),
(76, 76041, 'Valle del Cauca', 'ANSERMANUEVO', 0, 0),
(76, 76054, 'Valle del Cauca', 'ARGELIA', 0, 0),
(76, 76100, 'Valle del Cauca', 'BOLÍVAR', 0, 0),
(76, 76109, 'Valle del Cauca', 'BUENAVENTURA', 0, 0),
(76, 76111, 'Valle del Cauca', 'GUADALAJARA DE BUGA', 0, 0),
(76, 76113, 'Valle del Cauca', 'BUGALAGRANDE', 0, 0),
(76, 76122, 'Valle del Cauca', 'CAICEDONIA', 0, 0),
(76, 76126, 'Valle del Cauca', 'CALIMA', 0, 0),
(76, 76130, 'Valle del Cauca', 'CANDELARIA', 0, 0),
(76, 76147, 'Valle del Cauca', 'CARTAGO', 0, 0),
(76, 76233, 'Valle del Cauca', 'DAGUA', 0, 0),
(76, 76243, 'Valle del Cauca', 'EL ÁGUILA', 0, 0),
(76, 76246, 'Valle del Cauca', 'EL CAIRO', 0, 0),
(76, 76248, 'Valle del Cauca', 'EL CERRITO', 0, 0),
(76, 76250, 'Valle del Cauca', 'EL DOVIO', 0, 0),
(76, 76275, 'Valle del Cauca', 'FLORIDA', 0, 0),
(76, 76306, 'Valle del Cauca', 'GINEBRA', 0, 0),
(76, 76318, 'Valle del Cauca', 'GUACARÍ', 0, 0),
(76, 76364, 'Valle del Cauca', 'JAMUNDÍ', 0, 0),
(76, 76377, 'Valle del Cauca', 'LA CUMBRE', 0, 0),
(76, 76400, 'Valle del Cauca', 'LA UNIÓN', 0, 0),
(76, 76403, 'Valle del Cauca', 'LA VICTORIA', 0, 0),
(76, 76497, 'Valle del Cauca', 'OBANDO', 0, 0),
(76, 76520, 'Valle del Cauca', 'PALMIRA', 0, 0),
(76, 76563, 'Valle del Cauca', 'PRADERA', 0, 0),
(76, 76606, 'Valle del Cauca', 'RESTREPO', 0, 0),
(76, 76616, 'Valle del Cauca', 'RIOFRÍO', 0, 0),
(76, 76622, 'Valle del Cauca', 'ROLDANILLO', 0, 0),
(76, 76670, 'Valle del Cauca', 'SAN PEDRO', 0, 0),
(76, 76736, 'Valle del Cauca', 'SEVILLA', 0, 0),
(76, 76823, 'Valle del Cauca', 'TORO', 0, 0),
(76, 76828, 'Valle del Cauca', 'TRUJILLO', 0, 0),
(76, 76834, 'Valle del Cauca', 'TULUÁ', 0, 0),
(76, 76845, 'Valle del Cauca', 'ULLOA', 0, 0),
(76, 76863, 'Valle del Cauca', 'VERSALLES', 0, 0),
(76, 76869, 'Valle del Cauca', 'VIJES', 0, 0),
(76, 76890, 'Valle del Cauca', 'YOTOCO', 0, 0),
(76, 76892, 'Valle del Cauca', 'YUMBO', 0, 0),
(76, 76895, 'Valle del Cauca', 'ZARZAL', 0, 0),
(81, 81001, 'Arauca', 'ARAUCA', 0, 0),
(81, 81065, 'Arauca', 'ARAUQUITA', 0, 0),
(81, 81220, 'Arauca', 'CRAVO NORTE', 0, 0),
(81, 81300, 'Arauca', 'FORTUL', 0, 0),
(81, 81591, 'Arauca', 'PUERTO RONDÓN', 0, 0),
(81, 81736, 'Arauca', 'SARAVENA', 0, 0),
(81, 81794, 'Arauca', 'TAME', 0, 0),
(85, 85001, 'Casanare', 'YOPAL', 0, 0),
(85, 85010, 'Casanare', 'AGUAZUL', 0, 0),
(85, 85015, 'Casanare', 'CHÁMEZA', 0, 0),
(85, 85125, 'Casanare', 'HATO COROZAL', 0, 0),
(85, 85136, 'Casanare', 'LA SALINA', 0, 0),
(85, 85139, 'Casanare', 'MANÍ', 0, 0),
(85, 85162, 'Casanare', 'MONTERREY', 0, 0),
(85, 85225, 'Casanare', 'NUNCHÍA', 0, 0),
(85, 85230, 'Casanare', 'OROCUÉ', 0, 0),
(85, 85250, 'Casanare', 'PAZ DE ARIPORO', 0, 0),
(85, 85263, 'Casanare', 'PORE', 0, 0),
(85, 85279, 'Casanare', 'RECETOR', 0, 0),
(85, 85300, 'Casanare', 'SABANALARGA', 0, 0),
(85, 85315, 'Casanare', 'SÁCAMA', 0, 0),
(85, 85325, 'Casanare', 'SAN LUIS DE PALENQUE', 0, 0),
(85, 85400, 'Casanare', 'TÁMARA', 0, 0),
(85, 85410, 'Casanare', 'TAURAMENA', 0, 0),
(85, 85430, 'Casanare', 'TRINIDAD', 0, 0),
(85, 85440, 'Casanare', 'VILLANUEVA', 0, 0),
(86, 86001, 'Putumayo', 'MOCOA', 0, 0),
(86, 86219, 'Putumayo', 'COLÓN', 0, 0),
(86, 86320, 'Putumayo', 'ORITO', 0, 0),
(86, 86568, 'Putumayo', 'PUERTO ASÍS', 0, 0),
(86, 86569, 'Putumayo', 'PUERTO CAICEDO', 0, 0),
(86, 86571, 'Putumayo', 'PUERTO GUZMÁN', 0, 0),
(86, 86573, 'Putumayo', 'PUERTO LEGUÍZAMO', 0, 0),
(86, 86749, 'Putumayo', 'SIBUNDOY', 0, 0),
(86, 86755, 'Putumayo', 'SAN FRANCISCO', 0, 0),
(86, 86757, 'Putumayo', 'SAN MIGUEL', 0, 0),
(86, 86760, 'Putumayo', 'SANTIAGO', 0, 0),
(86, 86865, 'Putumayo', 'VALLE DEL GUAMUEZ', 0, 0),
(86, 86885, 'Putumayo', 'VILLAGARZÓN', 0, 0),
(88, 88001, 'Archipiélago de San Andrés, Providencia y Santa Catalina', 'SAN ANDRÉS', 0, 0),
(88, 88564, 'Archipiélago de San Andrés, Providencia y Santa Catalina', 'PROVIDENCIA', 0, 0),
(91, 91001, 'Amazonas', 'LETICIA', 0, 11),
(91, 91263, 'Amazonas', 'EL ENCANTO', 0, 11),
(91, 91405, 'Amazonas', 'LA CHORRERA', 0, 0),
(91, 91407, 'Amazonas', 'LA PEDRERA', 0, 0),
(91, 91430, 'Amazonas', 'LA VICTORIA', 0, 0),
(91, 91460, 'Amazonas', 'MIRITÍ - PARANÁ', 0, 0),
(91, 91530, 'Amazonas', 'PUERTO ALEGRÍA', 0, 0),
(91, 91536, 'Amazonas', 'PUERTO ARICA', 0, 0),
(91, 91540, 'Amazonas', 'PUERTO NARIÑO', 0, 0),
(91, 91669, 'Amazonas', 'PUERTO SANTANDER', 0, 0),
(91, 91798, 'Amazonas', 'TARAPACÁ', 0, 0),
(94, 94001, 'Guainía', 'INÍRIDA', 0, 0),
(94, 94343, 'Guainía', 'BARRANCO MINAS', 0, 0),
(94, 94663, 'Guainía', 'MAPIRIPANA', 0, 0),
(94, 94883, 'Guainía', 'SAN FELIPE', 0, 0),
(94, 94884, 'Guainía', 'PUERTO COLOMBIA', 0, 0),
(94, 94885, 'Guainía', 'LA GUADALUPE', 0, 0),
(94, 94886, 'Guainía', 'CACAHUAL', 0, 0),
(94, 94887, 'Guainía', 'PANA PANA', 0, 0),
(94, 94888, 'Guainía', 'MORICHAL', 0, 0),
(95, 95001, 'Guaviare', 'SAN JOSÉ DEL GUAVIARE', 0, 0),
(95, 95015, 'Guaviare', 'CALAMAR', 0, 0),
(95, 95025, 'Guaviare', 'EL RETORNO', 0, 0),
(95, 95200, 'Guaviare', 'MIRAFLORES', 0, 0),
(97, 97001, 'Vaupés', 'MITÚ', 0, 0),
(97, 97161, 'Vaupés', 'CARURÚ', 0, 0),
(97, 97511, 'Vaupés', 'PACOA', 0, 0),
(97, 97666, 'Vaupés', 'TARAIRA', 0, 0),
(97, 97777, 'Vaupés', 'PAPUNAHUA', 0, 0),
(97, 97889, 'Vaupés', 'YAVARATÉ', 0, 0),
(99, 99001, 'Vichada', 'PUERTO CARREÑO', 0, 0),
(99, 99524, 'Vichada', 'LA PRIMAVERA', 0, 0),
(99, 99624, 'Vichada', 'SANTA ROSALÍA', 0, 0),
(99, 99773, 'Vichada', 'CUMARIBO', 0, 0);

-- --------------------------------------------------------

--
-- Estructura de tabla para la tabla `param_organizaciones`
--

CREATE TABLE IF NOT EXISTS `param_organizaciones` (
  `id_organizacion` int(1) NOT NULL AUTO_INCREMENT,
  `nombre_organizacion` varchar(100) NOT NULL,
  PRIMARY KEY (`id_organizacion`)
) ENGINE=InnoDB  DEFAULT CHARSET=latin1 AUTO_INCREMENT=9 ;

--
-- Volcado de datos para la tabla `param_organizaciones`
--

INSERT INTO `param_organizaciones` (`id_organizacion`, `nombre_organizacion`) VALUES
(1, 'Penitenciarías INPEC'),
(2, 'Penitenciarías Distritales'),
(3, 'Centro de reclusión de menores'),
(4, 'Consulados.'),
(5, 'Institución de educación media'),
(6, 'Institución de educación básica'),
(7, 'IES'),
(8, 'Otro');

-- --------------------------------------------------------

--
-- Estructura de tabla para la tabla `param_regiones`
--

CREATE TABLE IF NOT EXISTS `param_regiones` (
  `id_region` int(1) NOT NULL AUTO_INCREMENT,
  `nombre_region` varchar(100) NOT NULL,
  `fk_id_coordinador_region` int(10) NOT NULL,
  `fk_id_operador_region` int(10) NOT NULL,
  `fecha_creacion` datetime NOT NULL,
  `fecha_actualizacion` datetime NOT NULL,
  PRIMARY KEY (`id_region`),
  KEY `fk_id_coordinador_region` (`fk_id_coordinador_region`),
  KEY `fk_id_operador_region` (`fk_id_operador_region`)
) ENGINE=InnoDB  DEFAULT CHARSET=latin1 AUTO_INCREMENT=17 ;

--
-- Volcado de datos para la tabla `param_regiones`
--

INSERT INTO `param_regiones` (`id_region`, `nombre_region`, `fk_id_coordinador_region`, `fk_id_operador_region`, `fecha_creacion`, `fecha_actualizacion`) VALUES
(1, 'BARRANQUILLA', 2, 0, '0000-00-00 00:00:00', '2018-01-17 10:11:40'),
(2, 'BOGOTÁ D.C.', 0, 0, '0000-00-00 00:00:00', '2018-01-17 10:08:56'),
(3, 'Bucaramanga', 0, 0, '0000-00-00 00:00:00', '0000-00-00 00:00:00'),
(4, 'Cali', 0, 0, '0000-00-00 00:00:00', '0000-00-00 00:00:00'),
(5, 'Cartagena', 0, 0, '0000-00-00 00:00:00', '0000-00-00 00:00:00'),
(6, 'Cúcuta', 0, 0, '0000-00-00 00:00:00', '0000-00-00 00:00:00'),
(7, 'Ibagué', 0, 0, '0000-00-00 00:00:00', '0000-00-00 00:00:00'),
(8, 'Manizales', 0, 0, '0000-00-00 00:00:00', '0000-00-00 00:00:00'),
(9, 'Medellín', 0, 0, '0000-00-00 00:00:00', '0000-00-00 00:00:00'),
(10, 'Montería', 0, 0, '0000-00-00 00:00:00', '0000-00-00 00:00:00'),
(11, 'Neiva', 0, 0, '0000-00-00 00:00:00', '0000-00-00 00:00:00'),
(12, 'Pasto', 0, 0, '0000-00-00 00:00:00', '0000-00-00 00:00:00'),
(13, 'Popayán', 0, 0, '0000-00-00 00:00:00', '0000-00-00 00:00:00'),
(14, 'Tunja', 0, 0, '0000-00-00 00:00:00', '0000-00-00 00:00:00'),
(15, 'Valledupar', 0, 0, '0000-00-00 00:00:00', '0000-00-00 00:00:00'),
(16, 'PRUEBAS', 0, 0, '2018-01-17 10:09:20', '2018-01-17 10:09:20');

-- --------------------------------------------------------

--
-- Estructura de tabla para la tabla `param_roles`
--

CREATE TABLE IF NOT EXISTS `param_roles` (
  `id_rol` int(1) NOT NULL AUTO_INCREMENT,
  `nombre_rol` varchar(100) NOT NULL,
  `descripcion` varchar(100) NOT NULL,
  `mostrar_lista` int(1) NOT NULL COMMENT '1: Mostrar en alerta; 2: NO mostrar',
  PRIMARY KEY (`id_rol`)
) ENGINE=InnoDB  DEFAULT CHARSET=latin1 AUTO_INCREMENT=8 ;

--
-- Volcado de datos para la tabla `param_roles`
--

INSERT INTO `param_roles` (`id_rol`, `nombre_rol`, `descripcion`, `mostrar_lista`) VALUES
(1, 'Administrador', 'Acceso a todas las funcionalidades del sistema', 2),
(7, 'Pisa', 'Modulo solo para actualizar computadores de los salones', 2);

-- --------------------------------------------------------

--
-- Estructura de tabla para la tabla `param_zonas`
--

CREATE TABLE IF NOT EXISTS `param_zonas` (
  `id_zona` int(1) NOT NULL AUTO_INCREMENT,
  `nombre_zona` varchar(100) NOT NULL,
  `fecha_creacion` datetime NOT NULL,
  `fecha_actualizacion` datetime NOT NULL,
  PRIMARY KEY (`id_zona`)
) ENGINE=InnoDB  DEFAULT CHARSET=latin1 AUTO_INCREMENT=12 ;

--
-- Volcado de datos para la tabla `param_zonas`
--

INSERT INTO `param_zonas` (`id_zona`, `nombre_zona`, `fecha_creacion`, `fecha_actualizacion`) VALUES
(1, 'Centro', '0000-00-00 00:00:00', '0000-00-00 00:00:00'),
(2, 'Norte', '0000-00-00 00:00:00', '0000-00-00 00:00:00'),
(3, 'Sur', '0000-00-00 00:00:00', '0000-00-00 00:00:00'),
(4, 'Oriente', '0000-00-00 00:00:00', '0000-00-00 00:00:00'),
(5, 'Occidente', '0000-00-00 00:00:00', '0000-00-00 00:00:00'),
(6, 'Nororiente', '0000-00-00 00:00:00', '0000-00-00 00:00:00'),
(7, 'NOROCCIDENTE', '0000-00-00 00:00:00', '2018-01-17 10:34:14'),
(8, 'Suroriente', '0000-00-00 00:00:00', '0000-00-00 00:00:00'),
(9, 'Suroccidente', '0000-00-00 00:00:00', '0000-00-00 00:00:00'),
(10, 'Sin zona', '0000-00-00 00:00:00', '0000-00-00 00:00:00'),
(11, 'OTRA', '2018-01-17 10:34:50', '2018-01-17 10:34:50');

-- --------------------------------------------------------

--
-- Estructura de tabla para la tabla `sitios`
--

CREATE TABLE IF NOT EXISTS `sitios` (
  `id_sitio` int(10) NOT NULL AUTO_INCREMENT,
  `nombre_sitio` varchar(150) NOT NULL,
  `direccion_sitio` varchar(100) NOT NULL,
  `barrio_sitio` varchar(100) DEFAULT NULL,
  `telefono_sitio` varchar(20) NOT NULL,
  `fax_sitio` varchar(10) DEFAULT NULL,
  `celular_sitio` varchar(10) NOT NULL,
  `email_sitio` varchar(50) DEFAULT NULL,
  `codigo_postal_sitio` varchar(10) DEFAULT NULL,
  `fk_id_organizacion` int(1) DEFAULT NULL,
  `fk_id_region` int(1) DEFAULT NULL,
  `fk_dpto_divipola` int(1) NOT NULL,
  `fk_mpio_divipola` int(3) NOT NULL,
  `fk_id_zona` int(1) DEFAULT NULL,
  `contacto_nombres` varchar(100) DEFAULT NULL,
  `contacto_apellidos` varchar(100) DEFAULT NULL,
  `contacto_cargo` varchar(100) DEFAULT NULL,
  `contacto_telefono` varchar(15) DEFAULT NULL,
  `contacto_celular` varchar(15) DEFAULT NULL,
  `contacto_email` varchar(50) DEFAULT NULL,
  `estado_sitio` int(1) NOT NULL DEFAULT '1' COMMENT '1:activo; 2:inactivo',
  `fecha_creacion` date NOT NULL,
  `fk_id_user_pisa` int(10) DEFAULT NULL,
  `codigo_dane` varchar(30) NOT NULL,
  `latitud` double DEFAULT NULL,
  `longitud` double DEFAULT NULL,
  `address` text,
  `ext_telefono` varchar(10) DEFAULT NULL,
  `ext_fax` varchar(10) DEFAULT NULL,
  `fk_id_pais` int(10) DEFAULT NULL,
  `discapacitados` tinyint(1) DEFAULT NULL COMMENT '1:Si; 2:No',
  `capacidad` varchar(10) DEFAULT NULL,
  `calificacion` varchar(10) DEFAULT NULL,
  `etiqueta` tinyint(1) DEFAULT NULL,
  `observacion` text,
  `disponibilidad` tinyint(1) DEFAULT NULL COMMENT '1:Si; 2:No',
  `motivo_disponibilidad` text,
  `numero_salas` tinyint(2) NOT NULL,
  PRIMARY KEY (`id_sitio`),
  UNIQUE KEY `codigo_dane` (`codigo_dane`),
  KEY `fk_id_organizacion` (`fk_id_organizacion`),
  KEY `fk_id_region` (`fk_id_region`),
  KEY `fk_id_zona` (`fk_id_zona`),
  KEY `fk_dpto_divipola` (`fk_dpto_divipola`),
  KEY `fk_mpio_divipola` (`fk_mpio_divipola`)
) ENGINE=InnoDB  DEFAULT CHARSET=latin1 AUTO_INCREMENT=47 ;

--
-- Volcado de datos para la tabla `sitios`
--

INSERT INTO `sitios` (`id_sitio`, `nombre_sitio`, `direccion_sitio`, `barrio_sitio`, `telefono_sitio`, `fax_sitio`, `celular_sitio`, `email_sitio`, `codigo_postal_sitio`, `fk_id_organizacion`, `fk_id_region`, `fk_dpto_divipola`, `fk_mpio_divipola`, `fk_id_zona`, `contacto_nombres`, `contacto_apellidos`, `contacto_cargo`, `contacto_telefono`, `contacto_celular`, `contacto_email`, `estado_sitio`, `fecha_creacion`, `fk_id_user_pisa`, `codigo_dane`, `latitud`, `longitud`, `address`, `ext_telefono`, `ext_fax`, `fk_id_pais`, `discapacitados`, `capacidad`, `calificacion`, `etiqueta`, `observacion`, `disponibilidad`, `motivo_disponibilidad`, `numero_salas`) VALUES
(1, 'COLEGIO AGUSTINIANO-NORTE', '345', 'TRWERTWER', '123456', '', '345', 'benmotta@gmail.com', '', 2, 2, 11, 11001, 10, 'EFRAIN', 'MORENO CASALLAS', 'Sin cargo', '9999999', '3108699251', 'COORDINACION.PROYECTOS@AGUSTINIANONORTE.EDU.CO', 1, '2017-06-10', 3, '11001003-1', 4.6006173, -74.0675211, 'Tv. 1 #17-62, Bogotá, Colombia', '1234', '', 11, 1, '10', '3', 1, 'ASDFASDF', 2, 'ACTUALIZAR DATOS', 0),
(2, 'INSTITUCION EDUCATIVA  REPUBLICA DE COLOMBIA SEDE A', '-', '', '-', '', '-', '', '', NULL, 2, 11, 11001, 10, 'MONICA', 'BENAVIDES', 'Sin cargo', '9999999', '3204940775', 'MONICABENAVIDESP@GMAIL.COM ', 1, '2017-06-10', NULL, '11001021-1', NULL, NULL, NULL, NULL, NULL, NULL, NULL, NULL, NULL, NULL, NULL, NULL, NULL, 0),
(3, 'COLEGIO MINUTO DE DIOS BOGOTÁ', '-', '', '-', '', '-', '', '', NULL, 2, 11, 11001, 10, 'ALBERTO', 'OSSA BUENO', 'Sin cargo', '9999999', '3158932818', 'LUISAMP@COLEGIOSMINUTOS.EDU.CO', 1, '2017-06-10', NULL, '11001025-1', NULL, NULL, NULL, NULL, NULL, NULL, NULL, NULL, NULL, NULL, NULL, NULL, NULL, 0),
(4, 'COLEGIO NACIONAL NICOLAS ESGUERRA', '-', '', '-', '', '-', '', '', NULL, 2, 11, 11001, 10, 'OLIVA', 'CUBILLOS VELASQUEZ', 'Sin cargo', '9999999', '3103450794', 'MARIAOCV@HOTMAIL.COM', 1, '2017-06-10', NULL, '11001033-1', NULL, NULL, NULL, NULL, NULL, NULL, NULL, NULL, NULL, NULL, NULL, NULL, NULL, 0),
(5, 'UNIVERSIDAD CATOLICA DE COLOMBIA PISOS 1 Y 2', '-', '', '-', '', '-', '', '', NULL, 2, 11, 11001, 10, 'LUIS FABIO', 'SERRANO AVILA', 'Sin cargo', '9999999', '3204904651', 'LFSERRANO@UCATOLICA.EDU.COM', 1, '2017-06-10', NULL, '11001067-2', NULL, NULL, NULL, NULL, NULL, NULL, NULL, NULL, NULL, NULL, NULL, NULL, NULL, 0),
(6, 'UNIVERSIDAD LIBRE FAC CIENCIAS EDUCACION', '-', '', '-', '', '-', '', '', NULL, 2, 11, 11001, 10, 'MONICA', 'ORJUELA', 'Sin cargo', '9999999', '3112971720', 'MONICA.ORJUELA@UNILIBRE.EDU.CO', 1, '2017-06-10', NULL, '11001075-2', NULL, NULL, NULL, NULL, NULL, NULL, NULL, NULL, NULL, NULL, NULL, NULL, NULL, 0),
(7, 'UNIVERSIDAD LIBRE FACULTAD DERECHO', '-', '', '-', '', '-', '', '', NULL, 2, 11, 11001, 10, 'NILYAN', 'CASTRO', 'Sin cargo', '9999999', '3214795280', 'NILYAN.CASTRO@UNILIBRE.EDU.CO', 1, '2017-06-10', NULL, '11001076-2', NULL, NULL, NULL, NULL, NULL, NULL, NULL, NULL, NULL, NULL, NULL, NULL, NULL, 0),
(8, 'I.E.D.LICEO FEMENINO DE CUNDINAMARCA MERCEDES NARIÑO', '-', '', '-', '', '-', '', '', NULL, 2, 11, 11001, 10, 'ERICK ISRAEL', 'ARIZA RONCANCIO', 'Sin cargo', '3666558 2726302', '9999999999', 'LFEMENINOCUND@REDP.EDU.CO', 1, '2017-06-10', NULL, '11001083-1', NULL, NULL, NULL, NULL, NULL, NULL, NULL, NULL, NULL, NULL, NULL, NULL, NULL, 0),
(9, 'UNIVERSIDAD  LIBRE FACULTAD CONTADURIA', '-', '', '-', '', '-', '', '', NULL, 2, 11, 11001, 10, 'PAOLA', 'FORERO', 'Sin cargo', '9999999', '3106897238', 'VIVIANA.FORERO@UNILIBRE.EDU.CO', 1, '2017-06-10', NULL, '11001114-2', NULL, NULL, NULL, NULL, NULL, NULL, NULL, NULL, NULL, NULL, NULL, NULL, NULL, 0),
(10, 'UNIVERSIDAD DISTRITAL FRANCISCO JOSE DE CALDAS SEDE SABIO CALDAS', '-', '', '-', '', '-', '', '', NULL, 2, 11, 11001, 10, 'ALFONSO', 'RODRIGUEZ SALCEDO', 'Sin cargo', '9999999', '3203875185', 'FAUNIERALFONSO@YAHOO.ES', 1, '2017-06-10', NULL, '11001141-2', NULL, NULL, NULL, NULL, NULL, NULL, NULL, NULL, NULL, NULL, NULL, NULL, NULL, 0),
(11, 'COLEGIO DE LA UNIVERSIDAD LIBRE', '-', '', '-', '', '-', '', '', NULL, 2, 11, 11001, 10, 'PAOLA', 'FORERO', 'Sin cargo', '9999999', '3106897238', 'VIVIANA.FORERO@UNILIBRE.EDU.CO', 1, '2017-06-10', NULL, '11001148-1', NULL, NULL, NULL, NULL, NULL, NULL, NULL, NULL, NULL, NULL, NULL, NULL, NULL, 0),
(12, 'UNIVERSIDAD JORGE TADEO LOZANO BLOQUE 7', '-', '', '-', '', '-', '', '', NULL, 2, 11, 11001, 10, 'IRMA LICETH', 'OYOLA SUACHE.', 'Sin cargo', '2427030 EXTE 13', '3132458550', 'MANTENIMIENTO.UJTL@UTADEO.EDU.CO', 1, '2017-06-10', NULL, '11001202-2', NULL, NULL, NULL, NULL, NULL, NULL, NULL, NULL, NULL, NULL, NULL, NULL, NULL, 0),
(13, 'FUNDACION UNIVERSIDAD  CENTRAL PISOS  6o. Y  7o.', '-', '', '-', '', '-', '', '', NULL, 2, 11, 11001, 10, 'MARIA EUGENIA', 'SANTOS', 'Sin cargo', '9999999', '3204890952', 'MSANTOSC1@UCENTRAL.EDU.CO', 1, '2017-06-10', NULL, '11001224-2', NULL, NULL, NULL, NULL, NULL, NULL, NULL, NULL, NULL, NULL, NULL, NULL, NULL, 0),
(14, 'FUNDACIÓN UNIVERSITARIA  SAN MARTÍN TORRE 1', '-', '', '-', '', '-', '', '', NULL, 2, 11, 11001, 10, 'NICOLAS', 'MALAGON', 'Sin cargo', '6918101', '9999999999', 'NICOLAS.MALAGON@SANMARTIN.EDU.CO', 1, '2017-06-10', NULL, '11001252-2', NULL, NULL, NULL, NULL, NULL, NULL, NULL, NULL, NULL, NULL, NULL, NULL, NULL, 0),
(15, 'FUNDACIÓN UNIVERSITARIA  SAN MARTÍN TORRE 4', '-', '', '-', '', '-', '', '', NULL, 2, 11, 11001, 10, 'NICOLAS', 'MALAGON', 'Sin cargo', '9999999', '3193047003', 'NICOLAS.MALAGON@SANMARTIN.EDU.CO', 1, '2017-06-10', NULL, '11001255-2', NULL, NULL, NULL, NULL, NULL, NULL, NULL, NULL, NULL, NULL, NULL, NULL, NULL, 0),
(16, 'FUNDACIÓN UNIVERSITARIA  SAN MARTÍN TORRE 5', '-', '', '-', '', '-', '', '', NULL, 2, 11, 11001, 10, 'NICOLAS', 'MALAGON', 'Sin cargo', '9999999', '3193047003', 'NICOLAS.MALAGON@SANMARTIN.EDU.CO', 1, '2017-06-10', NULL, '11001256-2', NULL, NULL, NULL, NULL, NULL, NULL, NULL, NULL, NULL, NULL, NULL, NULL, NULL, 0),
(17, 'CORPORACION UNIVERSITARIA MINUTO DE DIOS  BLOQUE C', '-', '', '-', '', '-', '', '', NULL, 2, 11, 11001, 10, 'GISSELLA', 'BARRERO', 'Sin cargo', '9999999', '3174292367', 'EVENTOS@UNIMINUTO.EDU', 1, '2017-06-10', NULL, '11001269-2', NULL, NULL, NULL, NULL, NULL, NULL, NULL, NULL, NULL, NULL, NULL, NULL, NULL, 0),
(18, 'UNIVERSIDAD DEL ROSARIO - SEDE CLAUSTRO 1', '-', '', '-', '', '-', '', '', NULL, 2, 11, 11001, 10, 'JAIRO', 'TUISO OLAYA', 'Sin cargo', '9999999', '3006750659', 'JORGE.BRAVO@UROSARIO.EDU.CO', 1, '2017-06-10', NULL, '11001272-2', NULL, NULL, NULL, NULL, NULL, NULL, NULL, NULL, NULL, NULL, NULL, NULL, NULL, 0),
(19, 'UNIVERSIDAD CATOLICA DE COLOMBIA PISOS 3 - 4 - 5', '-', '', '-', '', '-', '', '', NULL, 2, 11, 11001, 10, 'LUIS FABIO', 'SERRANO AVILA', 'Sin cargo', '9999999', '3204904651', 'LFSERRANO@UCATOLICA.EDU.CO', 1, '2017-06-10', NULL, '11001295-2', NULL, NULL, NULL, NULL, NULL, NULL, NULL, NULL, NULL, NULL, NULL, NULL, NULL, 0),
(20, 'FUNDACION UNIVERSITARIA DEL AREA ANDINA', '-', '', '-', '', '-', '', '', NULL, 2, 11, 11001, 10, 'GERMAN', 'IBAGON', 'Sin cargo', '9999999', '3114419514', 'GIBAGON@AREANDINA.EDU.CO', 1, '2017-06-10', NULL, '11001365-2', NULL, NULL, NULL, NULL, NULL, NULL, NULL, NULL, NULL, NULL, NULL, NULL, NULL, 0),
(21, 'UNIVERSIDAD MILITAR NUEVA GRANADA BLOQUES BCD', '-', '', '-', '', '-', '', '', NULL, 2, 11, 11001, 10, 'CORONEL CAMILO', 'FINO', 'Sin cargo', '9999999', '3104815163', 'CAMILO.FINO@UNIMILITAR.EDU.CO;RECURSOS.EDUCATIVO@U', 1, '2017-06-10', NULL, '11001367-2', NULL, NULL, NULL, NULL, NULL, NULL, NULL, NULL, NULL, NULL, NULL, NULL, NULL, 0),
(22, 'UNIVERSIDAD SANTO TOMAS EDIFICIO FRAY ALBERTO E ARIZA', '-', '', '-', '', '-', '', '', NULL, 2, 11, 11001, 10, 'YENNY', 'ALMECIGA', 'Sin cargo', '9999999', '3107874671', 'YENNYALMECIGA@USANTOTOMAS.EDU.CO', 1, '2017-06-10', NULL, '11001386-2', NULL, NULL, NULL, NULL, NULL, NULL, NULL, NULL, NULL, NULL, NULL, NULL, NULL, 0),
(23, 'PONTIFICIA UNIVERSIDAD JAVERIANA EDIF FERNANDO BARON', '-', '', '-', '', '-', '', '', NULL, 2, 11, 11001, 10, 'ALVARO', 'BELTRAN', 'Sin cargo', '9999999', '3164718436', 'BELTRAN.ALVARO@JAVERIANA.EDU.CO', 1, '2017-06-10', NULL, '11001387-2', NULL, NULL, NULL, NULL, NULL, NULL, NULL, NULL, NULL, NULL, NULL, NULL, NULL, 0),
(24, 'PONTIFICIA UNIVERSIDAD JAVERIANA EDIFICIO  53 Y 54', '-', '', '-', '', '-', '', '', NULL, 2, 11, 11001, 10, 'ALVARO', 'BELTRAN', 'Sin cargo', '9999999', '3164718436', 'BELTRAN.ALVARO@JAVERIANA.EDU.CO', 1, '2017-06-10', NULL, '11001389-2', NULL, NULL, NULL, NULL, NULL, NULL, NULL, NULL, NULL, NULL, NULL, NULL, NULL, 0),
(25, 'PONTIFICIA UNIVERSIDAD JAVERIANA EDIFICIO 51 Y 52', '-', '', '-', '', '-', '', '', NULL, 2, 11, 11001, 10, 'ALVARO', 'BELTRAN', 'Sin cargo', '9999999', '3164718436', 'BELTRAN.ALVARO@JAVERIANA.EDU.CO', 1, '2017-06-10', NULL, '11001391-2', NULL, NULL, NULL, NULL, NULL, NULL, NULL, NULL, NULL, NULL, NULL, NULL, NULL, 0),
(26, 'PONTIFICIA UNIVERSIDAD JAVERIANA EDFICIO RAFAEL ARBOLEDA', '-', '', '-', '', '-', '', '', NULL, 2, 11, 11001, 10, 'ALVARO', 'BELTRAN', 'Sin cargo', '9999999', '3164718436', 'BELTRAN.ALVARO@JAVERIANA.EDU.CO', 1, '2017-06-10', NULL, '11001393-2', NULL, NULL, NULL, NULL, NULL, NULL, NULL, NULL, NULL, NULL, NULL, NULL, NULL, 0),
(27, 'CORPORACION UNIVERSITARIA MINUTO DE DIOS BLOQUE B', '-', '', '-', '', '-', '', '', NULL, 2, 11, 11001, 10, 'GISSELLA', 'BARRERO', 'Sin cargo', '2916520 EXT: 63', '3174292367', 'EVENTOS@UNIMINUTO.EDU', 1, '2017-06-10', NULL, '11001406-2', NULL, NULL, NULL, NULL, NULL, NULL, NULL, NULL, NULL, NULL, NULL, NULL, NULL, 0),
(28, 'UNIVERSIDAD MILITAR NUEVA GRANADA EDIFICIO E', '-', '', '-', '', '-', '', '', NULL, 2, 11, 11001, 10, 'CORONEL CAMILO', 'FINO', 'Sin cargo', '9999999', '3104815163', 'CAMILO.FINO@UNIMILITAR.EDU.CO;RECURSOS.EDUCATIVO@U', 1, '2017-06-10', NULL, '11001420-2', NULL, NULL, NULL, NULL, NULL, NULL, NULL, NULL, NULL, NULL, NULL, NULL, NULL, 0),
(29, 'COLEGIO MINUTO DE DIOS BOGOTÁ SEDE SIGLO XXI', '-', '', '-', '', '-', '', '', NULL, 2, 11, 11001, 10, 'ALBERTO', 'OSSA BUENO', 'Sin cargo', '9999999', '3208451378', 'CLOPEZ@COLEGIOSMINUTODEDIOS.EDU.CO', 1, '2017-06-10', NULL, '11001425-1', NULL, NULL, NULL, NULL, NULL, NULL, NULL, NULL, NULL, NULL, NULL, NULL, NULL, 0),
(30, 'UNIVERSIDAD DISTRITAL FRANCISCO JOSE DE CALDAS    FACULTAD TECNOLOGICA', '-', '', '-', '', '-', '', '', NULL, 2, 11, 11001, 10, 'GERSON', 'GOMEZ GIL', 'Sin cargo', '9999999', '3102395749', 'GERGOMGIL@YAHOO.ES', 1, '2017-06-10', NULL, '11001436-2', NULL, NULL, NULL, NULL, NULL, NULL, NULL, NULL, NULL, NULL, NULL, NULL, NULL, 0),
(31, 'CORPORACION UNIVERSITARIA AGUSTINIANA - PISOS 1 y 2', '-', '', '-', '', '-', '', '', NULL, 2, 11, 11001, 10, 'IVAN', 'LODELO', 'Sin cargo', '9999999', '3012683290', 'A.DESARROLLO@UNIAGUSTINIANA.EDU.CO', 1, '2017-06-10', NULL, '11001438-2', NULL, NULL, NULL, NULL, NULL, NULL, NULL, NULL, NULL, NULL, NULL, NULL, NULL, 0),
(32, 'UNIVERSIDAD SANTO TOMAS - EDIFICIO AQUINATE', '-', '', '-', '', '-', '', '', NULL, 2, 11, 11001, 10, 'DIANA', 'MORA', 'Sin cargo', '9999999', '3227129868', 'SECRE.PLANECION@USANTOTOMAS.EDU.CO', 1, '2017-06-10', NULL, '11001451-2', NULL, NULL, NULL, NULL, NULL, NULL, NULL, NULL, NULL, NULL, NULL, NULL, NULL, 0),
(33, 'CORPORACION UNIVERSITARIA AGUSTINIANA - PISO 3', '-', '', '-', '', '-', '', '', NULL, 2, 11, 11001, 10, 'LORENA', 'ROMERO', 'Sin cargo', '9999999', '3204940026', 'SERVICIOSGENERALES@UNIAGUSTINIANA.EDU.CO', 1, '2017-06-10', NULL, '11001465-2', NULL, NULL, NULL, NULL, NULL, NULL, NULL, NULL, NULL, NULL, NULL, NULL, NULL, 0),
(34, 'UNIVERSIDAD JORGE TADEO LOZANO BLOQUE 7A', '-', '', '-', '', '-', '', '', NULL, 2, 11, 11001, 10, 'IRMA LICETH', ' OYOLA SUACHE.', 'Sin cargo', '9999999', '3005676478', 'LISETHSUACHE@GMAIL.COM ', 1, '2017-06-10', NULL, '11001466-2', NULL, NULL, NULL, NULL, NULL, NULL, NULL, NULL, NULL, NULL, NULL, NULL, NULL, 0),
(35, 'UNIVERSIDAD DEL ROSARIO SEDE CLAUSTRO 2', '-', '', '-', '', '-', '', '', NULL, 2, 11, 11001, 10, 'JOSE MANUEL', 'RESTREPO', 'Sin cargo', '2431716', '9999999999', 'JORGE.BRAVO@UROSARIO.EDU.CO', 1, '2017-06-10', NULL, '11001467-2', NULL, NULL, NULL, NULL, NULL, NULL, NULL, NULL, NULL, NULL, NULL, NULL, NULL, 0),
(36, 'COLEGIO CIUDAD DE BOGOTA', '-', '', '-', '', '-', '', '', NULL, 2, 11, 11001, 10, 'CARLOS', 'LOPEZ', 'Sin cargo', '9999999', '3057496439', 'PROFECARLOSLPZ@GAMIL.COM  CON COPIA CEDCIUDADBOGOT', 1, '2017-06-10', NULL, '11001481-1', 4.6003346, -74.06767889999999, 'Cra. 2 #16a-2 a 16a-52, Bogotá, Colombia', NULL, NULL, NULL, NULL, NULL, NULL, NULL, NULL, NULL, NULL, 0),
(37, 'COLEGIO DISTRITAL CIUDADELA EDUCATIVA DE BOSA BLOQUE C', '-', '', '-', '', '-', '', '', NULL, 2, 11, 11001, 10, 'SONIA', 'LOPEZ DURAN ', 'Sin cargo', '9999999', '3195078567', 'SJLDCOORDINACION2009@HOTMAIL.COM', 1, '2017-06-10', NULL, '11001490-1', NULL, NULL, NULL, NULL, NULL, NULL, NULL, NULL, NULL, NULL, NULL, NULL, NULL, 0),
(38, 'UNIAGUSTINIANA SEDE SALAZAR ', '-', '', '-', '', '-', '', '', NULL, 2, 11, 11001, 10, 'CARLOS', 'VILLABONA VARGAS', 'Sin cargo', '4193200', '9999999999', 'CBASICA@UNIAGUSTINIANA.EDU.CO', 1, '2017-06-10', NULL, '11001491-2', NULL, NULL, NULL, NULL, NULL, NULL, NULL, NULL, NULL, NULL, NULL, NULL, NULL, 0),
(39, 'COLEGIO DISTRITAL CIUDADELA EDUCATIVA DE BOSA BLOQUE D', '-', '', '-', '', '-', '', '', NULL, 2, 11, 11001, 10, 'SONIA', 'LOPEZ DURAN', 'Sin cargo', '9999999', '3195078567', 'SJLDCOORDINACION2009@HOTMAIL.COM', 1, '2017-06-10', NULL, '11001495-1', NULL, NULL, NULL, NULL, NULL, NULL, NULL, NULL, NULL, NULL, NULL, NULL, NULL, 0),
(40, 'UNIVERSIDAD CENTRAL  PISOS 2 Y 3', '-', '', '-', '', '-', '', '', NULL, 2, 11, 11001, 10, 'JUAN CARLOS', 'CASTRO TOVAR', 'Sin cargo', '9999999', '3164969322', 'JCASTROT2@UCENTRAL.EDU.CO', 1, '2017-06-10', NULL, '11001505-2', NULL, NULL, NULL, NULL, NULL, NULL, NULL, NULL, NULL, NULL, NULL, NULL, NULL, 0),
(41, 'UNIVERSIDAD CENTRAL PISO 5', '-', '', '-', '', '-', '', '', NULL, 2, 11, 11001, 10, 'SONIA', 'CASTAÑEDA', 'Sin cargo', '32339868 EXT 11', '3142719945', 'SCASTANEDAP@UCENTRAL.EDU.CO', 1, '2017-06-10', NULL, '11001506-2', NULL, NULL, NULL, NULL, NULL, NULL, NULL, NULL, NULL, NULL, NULL, NULL, NULL, 0),
(42, 'COLEGIO NUESTRA SEÑORA DEL PILAR', '-', '', '-', '', '-', '', '', NULL, 3, 68, 68001, 10, 'DORA BIBIANA', ' SOLANO DALLOS', 'Sin cargo', '9999999', '3155192188', 'RECTORIACOLPILAR@GMAIL.COM', 1, '2017-06-10', NULL, '68001008-1', NULL, NULL, NULL, NULL, NULL, NULL, NULL, NULL, NULL, NULL, NULL, NULL, NULL, 0),
(43, 'INSTITUCION  TECNICO NACIONAL DE COMERCIO', '-', '', '-', '', '-', '', '', NULL, 3, 68, 68001, 10, 'YURBRIN', 'BUITRAGO REY', 'Sin cargo', '9999999', '3168501487', 'INSTENALCO98@HOTMAIL.COM', 1, '2017-06-10', NULL, '68001013-1', NULL, NULL, NULL, NULL, NULL, NULL, NULL, NULL, NULL, NULL, NULL, NULL, NULL, 0),
(44, 'INSTITUTO POLITECNICO', '-', '', '-', '', '-', '', '', NULL, 3, 68, 68001, 10, 'FLOR ALBA', 'CASADIEGO ARDILA', 'Sin cargo', '9999999', '3003682052', 'RECTORIAPOLITECNICO@GMAIL.COM', 1, '2017-06-10', NULL, '68001039-1', NULL, NULL, NULL, NULL, NULL, NULL, NULL, NULL, NULL, NULL, NULL, NULL, NULL, 0),
(45, 'UNIVERSIDAD COOP.DE COLOMBIA PISOS 1 AL 3', '-', '', '-', '', '-', '', '', NULL, 3, 68, 68001, 10, 'SANDRA', 'RONDON', 'Sin cargo', '9999999', '3183417097', 'SANDRAM.RONDON@UCC.EDU.CO', 1, '2017-06-10', NULL, '68001045-2', NULL, NULL, NULL, NULL, NULL, NULL, NULL, NULL, NULL, NULL, NULL, NULL, NULL, 0),
(46, 'UNIVERSIDAD COOP.DE COLOMBIA PISOS 4 AL 6', '-', '', '-', '', '-', '', '', NULL, 3, 68, 68001, 10, 'SANDRA', 'RONDON', 'Sin cargo', '9999999', '3183417097', 'SANDRAM.RONDON@UCC.EDU.CO', 1, '2017-06-10', NULL, '68001046-2', NULL, NULL, NULL, NULL, NULL, NULL, NULL, NULL, NULL, NULL, NULL, NULL, NULL, 0);

-- --------------------------------------------------------

--
-- Estructura de tabla para la tabla `sitios_computadores`
--

CREATE TABLE IF NOT EXISTS `sitios_computadores` (
  `id_sitio_computador` int(10) NOT NULL AUTO_INCREMENT,
  `fk_id_sitio_salon` int(10) NOT NULL,
  `cpu` tinyint(1) NOT NULL,
  `os` tinyint(1) NOT NULL,
  `memoria` tinyint(1) NOT NULL,
  `resolucion` tinyint(1) NOT NULL,
  `skype` tinyint(1) NOT NULL,
  `transferencia_usb` tinyint(1) NOT NULL,
  `virus_scan` tinyint(1) NOT NULL,
  `unidad_usb` tinyint(1) NOT NULL,
  `comentarios` text NOT NULL,
  `adecuado` tinyint(1) NOT NULL,
  `foto_computador` varchar(250) NOT NULL,
  `windows_defender` tinyint(1) NOT NULL,
  PRIMARY KEY (`id_sitio_computador`),
  KEY `fk_id_sitio_salon` (`fk_id_sitio_salon`)
) ENGINE=InnoDB  DEFAULT CHARSET=latin1 AUTO_INCREMENT=2 ;

-- --------------------------------------------------------

--
-- Estructura de tabla para la tabla `sitios_contactos`
--

CREATE TABLE IF NOT EXISTS `sitios_contactos` (
  `id_sitio_contacto` int(10) NOT NULL AUTO_INCREMENT,
  `fk_id_sitio` int(10) NOT NULL,
  `fk_id_usuario` int(10) NOT NULL,
  `nombre_contacto` varchar(50) NOT NULL,
  `apellido_contacto` varchar(50) NOT NULL,
  `cargo_contacto` varchar(50) NOT NULL,
  `documento` varchar(50) NOT NULL,
  `telefono_contacto` varchar(30) NOT NULL,
  `email_contacto` varchar(70) NOT NULL,
  `fecha_creacion` date NOT NULL,
  PRIMARY KEY (`id_sitio_contacto`),
  KEY `fk_id_sitio` (`fk_id_sitio`),
  KEY `fk_id_usuario` (`fk_id_usuario`)
) ENGINE=InnoDB DEFAULT CHARSET=latin1 AUTO_INCREMENT=1 ;

-- --------------------------------------------------------

--
-- Estructura de tabla para la tabla `sitios_fotos`
--

CREATE TABLE IF NOT EXISTS `sitios_fotos` (
  `id_sitio_foto` int(10) NOT NULL AUTO_INCREMENT,
  `fk_id_sitio` int(10) NOT NULL,
  `fk_id_usuario` int(10) NOT NULL,
  `descripcion_foto` tinyint(1) NOT NULL,
  `foto_sitio` varchar(255) NOT NULL,
  `fecha_foto` datetime NOT NULL,
  `foto_dispositivo` longblob NOT NULL,
  PRIMARY KEY (`id_sitio_foto`),
  KEY `fk_id_sitio` (`fk_id_sitio`),
  KEY `fk_id_usuario` (`fk_id_usuario`)
) ENGINE=InnoDB DEFAULT CHARSET=latin1 AUTO_INCREMENT=1 ;

-- --------------------------------------------------------

--
-- Estructura de tabla para la tabla `sitios_salones`
--

CREATE TABLE IF NOT EXISTS `sitios_salones` (
  `id_sitio_salon` int(10) NOT NULL AUTO_INCREMENT,
  `fk_id_sitio` int(10) NOT NULL,
  `nombre_salon` varchar(255) NOT NULL,
  `computadores` varchar(10) NOT NULL,
  `observacion_salon` text NOT NULL,
  `lunes` varchar(1) DEFAULT NULL,
  `martes` varchar(1) DEFAULT NULL,
  `miercoles` varchar(1) DEFAULT NULL,
  `jueves` varchar(1) DEFAULT NULL,
  `viernes` varchar(1) DEFAULT NULL,
  `sabado` varchar(1) DEFAULT NULL,
  `domingo` varchar(1) DEFAULT NULL,
  PRIMARY KEY (`id_sitio_salon`),
  KEY `fk_id_sitio_bloque` (`fk_id_sitio`)
) ENGINE=InnoDB  DEFAULT CHARSET=latin1 AUTO_INCREMENT=2 ;

-- --------------------------------------------------------

--
-- Estructura de tabla para la tabla `usuario`
--

CREATE TABLE IF NOT EXISTS `usuario` (
  `id_usuario` int(10) NOT NULL AUTO_INCREMENT,
  `numero_documento` int(10) NOT NULL,
  `tipo_documento` varchar(150) NOT NULL,
  `nombres_usuario` varchar(50) NOT NULL,
  `apellidos_usuario` varchar(50) NOT NULL,
  `direccion_usuario` varchar(250) NOT NULL,
  `telefono_fijo` varchar(12) DEFAULT NULL,
  `celular` varchar(12) NOT NULL,
  `email` varchar(70) DEFAULT NULL,
  `log_user` int(10) NOT NULL,
  `fecha_creacion` date DEFAULT NULL,
  `password` varchar(50) NOT NULL,
  `clave` varchar(50) NOT NULL,
  `fk_id_rol` int(1) NOT NULL,
  `estado` int(1) NOT NULL DEFAULT '1' COMMENT '1:active; 2:inactive',
  `fk_codigo_dane` varchar(30) DEFAULT NULL COMMENT 'Codigo DANE de la tabla de sitios, para los delegados',
  PRIMARY KEY (`id_usuario`),
  UNIQUE KEY `numero_documento` (`numero_documento`),
  UNIQUE KEY `log_user` (`log_user`),
  KEY `fk_id_rol` (`fk_id_rol`),
  KEY `fk_codigo_dane` (`fk_codigo_dane`)
) ENGINE=MyISAM  DEFAULT CHARSET=latin1 AUTO_INCREMENT=1;


--
-- Restricciones para tablas volcadas
--

--
-- Filtros para la tabla `sitios`
--
ALTER TABLE `sitios`
  ADD CONSTRAINT `sitios_ibfk_2` FOREIGN KEY (`fk_id_region`) REFERENCES `param_regiones` (`id_region`) ON DELETE NO ACTION ON UPDATE NO ACTION,
  ADD CONSTRAINT `sitios_ibfk_3` FOREIGN KEY (`fk_id_organizacion`) REFERENCES `param_organizaciones` (`id_organizacion`) ON DELETE NO ACTION ON UPDATE NO ACTION,
  ADD CONSTRAINT `sitios_ibfk_4` FOREIGN KEY (`fk_mpio_divipola`) REFERENCES `param_divipola` (`mpio_divipola`) ON DELETE NO ACTION ON UPDATE NO ACTION,
  ADD CONSTRAINT `sitios_ibfk_5` FOREIGN KEY (`fk_id_zona`) REFERENCES `param_zonas` (`id_zona`) ON DELETE NO ACTION ON UPDATE NO ACTION;

--
-- Filtros para la tabla `sitios_computadores`
--
ALTER TABLE `sitios_computadores`
  ADD CONSTRAINT `sitio_computadores_ibfk_1` FOREIGN KEY (`fk_id_sitio_salon`) REFERENCES `sitios_salones` (`id_sitio_salon`) ON DELETE CASCADE ON UPDATE CASCADE;

--
-- Filtros para la tabla `sitios_contactos`
--
ALTER TABLE `sitios_contactos`
  ADD CONSTRAINT `sitios_contactos_ibfk_1` FOREIGN KEY (`fk_id_sitio`) REFERENCES `sitios` (`id_sitio`) ON DELETE CASCADE ON UPDATE CASCADE;

--
-- Filtros para la tabla `sitios_fotos`
--
ALTER TABLE `sitios_fotos`
  ADD CONSTRAINT `sitios_fotos_ibfk_1` FOREIGN KEY (`fk_id_sitio`) REFERENCES `sitios` (`id_sitio`) ON DELETE CASCADE ON UPDATE CASCADE;

--
-- Filtros para la tabla `sitios_salones`
--
ALTER TABLE `sitios_salones`
  ADD CONSTRAINT `sitios_salones_ibfk_1` FOREIGN KEY (`fk_id_sitio`) REFERENCES `sitios` (`id_sitio`) ON DELETE CASCADE ON UPDATE CASCADE;

/*!40101 SET CHARACTER_SET_CLIENT=@OLD_CHARACTER_SET_CLIENT */;
/*!40101 SET CHARACTER_SET_RESULTS=@OLD_CHARACTER_SET_RESULTS */;
/*!40101 SET COLLATION_CONNECTION=@OLD_COLLATION_CONNECTION */;
